Time,Distance_to_radar[m],velocity[m/s]
2022-02-22 07:51:55.400,740.1075762778913,0.1503362896974646
2022-02-22 07:51:55.500,740.1280480831288,0.12015822901491184
2022-02-22 07:51:55.600,740.1328620018911,0.10121758740456127
2022-02-22 07:51:55.700,740.1441823742978,0.060049979184009714
2022-02-22 07:51:55.800,740.1533340331017,0.05264978632435273
2022-02-22 07:51:55.900,740.1781439178121,0.06824954212300623
2022-02-22 07:51:56.000,740.1872956572312,0.06998571282769075
2022-02-22 07:51:56.100,740.1803128607164,0.08203048213926332
2022-02-22 07:51:56.200,740.1921098838955,0.04836320915737499
2022-02-22 07:51:56.300,740.2012617866591,0.06475337829024831
2022-02-22 07:51:56.400,740.2104137412022,0.07947326594522211
2022-02-22 07:51:56.500,740.1860827219249,0.08252878285786118
2022-02-22 07:51:56.600,740.1952348649297,0.08383913167489272
2022-02-22 07:51:56.700,740.2113712373779,0.09583840566286565
2022-02-22 07:51:56.800,740.2140198538665,0.12193030796319676
2022-02-22 07:51:56.900,740.2231723183373,0.12126417442921879
2022-02-22 07:51:57.000,740.225821922281,0.13777155003846042
2022-02-22 07:51:57.100,740.2371421168177,0.10323759005323593
2022-02-22 07:51:57.200,740.2458129898149,0.06195159400693416
2022-02-22 07:51:57.300,740.2544849978389,0.07763375554486592
2022-02-22 07:51:57.400,740.2653266016367,0.11819898476721363
2022-02-22 07:51:57.500,740.2696637399213,0.13136209498938423
2022-02-22 07:51:57.600,740.2513593445509,0.13357020625873123
2022-02-22 07:51:57.700,740.2805078250913,0.14561249946347327
2022-02-22 07:51:57.800,740.3074884964751,0.14676511847165866
2022-02-22 07:51:57.900,740.3414528424972,0.14589722409970657
2022-02-22 07:51:58.000,740.3771140365606,0.224966664197165
2022-02-22 07:51:58.100,740.3701319025669,0.18513238506539043
2022-02-22 07:51:58.200,740.3949460925543,0.16051479682571324
2022-02-22 07:51:58.300,740.4067403770364,0.08728688332160794
2022-02-22 07:51:58.400,740.4093834499085,0.08925245094673871
2022-02-22 07:51:58.500,740.3937224918652,0.08523496934944014
2022-02-22 07:51:58.600,740.3662655735742,0.041
2022-02-22 07:51:58.700,740.3889091978284,0.04259107887809371
2022-02-22 07:51:58.800,740.4089102723913,0.08368392916205596
2022-02-22 07:51:58.900,740.4245725304215,0.08333066662399864
2022-02-22 07:51:59.000,740.4450470824613,0.08875809822207775
2022-02-22 07:51:59.100,740.4498592894474,0.04925444142409901
2022-02-22 07:51:59.200,740.4794865350141,0.08229216244576394
2022-02-22 07:51:59.300,740.469862256217,0.08542833253669417
2022-02-22 07:51:59.400,740.4973193407043,0.082
2022-02-22 07:51:59.500,740.4994895876815,0.06862215385719105
2022-02-22 07:51:59.600,740.519964790235,0.07303423854604085
2022-02-22 07:51:59.700,740.5264760105628,0.07612489737267301
2022-02-22 07:51:59.800,740.5264760105628,0.06371028174478591
2022-02-22 07:51:59.900,740.5221351256562,0.04855924216871593
2022-02-22 07:52:00.000,740.519964790235,0.05429548784199291
2022-02-22 07:52:00.100,740.5447809496907,0.061781874364573955
2022-02-22 07:52:00.200,740.5491220096345,0.0671863081289633
2022-02-22 07:52:00.300,740.5399695675466,0.0656505902486794
2022-02-22 07:52:00.400,740.5604451153191,0.07150524456289903
2022-02-22 07:52:00.500,740.5539334986913,0.053758720222862454
2022-02-22 07:52:00.600,740.5377989743037,0.04876474136094644
2022-02-22 07:52:00.700,740.5264760105628,0.059413803110051795
2022-02-22 07:52:00.800,740.523835561106,0.06524568951279464
2022-02-22 07:52:00.900,740.5329878675262,0.05743692192309752
2022-02-22 07:52:01.000,740.5216648440952,0.03921734310225516
2022-02-22 07:52:01.100,740.530348136878,0.0927523584605804
2022-02-22 07:52:01.200,740.5260063485473,0.053037722424704475
2022-02-22 07:52:01.300,740.5308171778009,0.06931810730249349
2022-02-22 07:52:01.400,740.5373294607358,0.035860842154082216
2022-02-22 07:52:01.500,740.5416713365906,0.03426368339802363
2022-02-22 07:52:01.600,740.5325191368418,0.033763886032268264
2022-02-22 07:52:01.700,740.5551656972332,0.05189412298131649
2022-02-22 07:52:01.800,740.5525272666262,0.04402272140611028
2022-02-22 07:52:01.900,740.5681937147917,0.05000999900019995
2022-02-22 07:52:02.000,740.5816889941583,0.05342284155677233
2022-02-22 07:52:02.100,740.5790523438669,0.06483054835492293
2022-02-22 07:52:02.200,740.5785887240058,0.10178899744078435
2022-02-22 07:52:02.300,740.5694369809842,0.05659505278732409
2022-02-22 07:52:02.400,740.5877405227457,0.058051701094799964
2022-02-22 07:52:02.500,740.580760972785,0.03781534080237808
2022-02-22 07:52:02.600,740.5737816023104,0.037603191353926334
2022-02-22 07:52:02.700,740.5872781432706,0.03860051813123756
2022-02-22 07:52:02.800,740.6072930685039,0.06252199612936234
2022-02-22 07:52:02.900,740.6321149719103,0.08748714191239762
2022-02-22 07:52:03.000,740.6360027198853,0.1383726851658231
2022-02-22 07:52:03.100,740.6290248476872,0.10584894897919393
2022-02-22 07:52:03.200,740.6242208189254,0.09483142938920619
2022-02-22 07:52:03.300,740.6333720533863,0.0611310068623117
2022-02-22 07:52:03.400,740.6307422392907,0.06362389488234746
2022-02-22 07:52:03.500,740.6237651159806,0.042825226210727714
2022-02-22 07:52:03.600,740.6420673146569,0.0525071423713003
2022-02-22 07:52:03.700,740.628113278822,0.05228766584960549
2022-02-22 07:52:03.800,740.6185087913847,0.08691375035056306
2022-02-22 07:52:03.900,740.6385327943083,0.11146748404803976
2022-02-22 07:52:04.000,740.6293821241139,0.07874642849044013
2022-02-22 07:52:04.100,740.6132558785016,0.0838868285251028
2022-02-22 07:52:04.200,740.633282005253,0.12980369794424196
2022-02-22 07:52:04.300,740.6084555285203,0.05600892785976178
2022-02-22 07:52:04.400,740.6106307003282,0.05397221507405454
2022-02-22 07:52:04.500,740.5901548358515,0.04780167361086848
2022-02-22 07:52:04.600,740.5853551452242,0.04301162633521314
2022-02-22 07:52:04.700,740.5988561632944,0.03840572873934304
2022-02-22 07:52:04.800,740.5827314616505,0.05240229002629561
2022-02-22 07:52:04.900,740.5827314616505,0.03349626844888845
2022-02-22 07:52:05.000,740.5622558507308,0.015524174696260024
2022-02-22 07:52:05.100,740.566607155262,0.027513632984395207
2022-02-22 07:52:05.200,740.5574572659964,0.024515301344262524
2022-02-22 07:52:05.300,740.55790483135,0.11454693361238441
2022-02-22 07:52:05.400,740.553105908467,0.07339618518697004
2022-02-22 07:52:05.500,740.5417804193834,0.06248999919987198
2022-02-22 07:52:05.600,740.5348061836728,0.07069653456853454
2022-02-22 07:52:05.700,740.5256564005276,0.07841555968046138
2022-02-22 07:52:05.800,740.5417804193834,0.12950289572052048
2022-02-22 07:52:05.900,740.5369818814476,0.06895650803223725
2022-02-22 07:52:06.000,740.5321837857382,0.07234638899074369
2022-02-22 07:52:06.100,740.5408879569013,0.06392182725798755
2022-02-22 07:52:06.200,740.5609192238717,0.02596150997149434
2022-02-22 07:52:06.300,740.5495932609624,0.04115823125451335
2022-02-22 07:52:06.400,740.5517697636179,0.03278719262151
2022-02-22 07:52:06.500,740.5691843374094,0.11009541316512692
2022-02-22 07:52:06.600,740.5552404702573,0.10955363982999379
2022-02-22 07:52:06.700,740.5412973180922,0.11568059474259285
2022-02-22 07:52:06.800,740.5456524508471,0.09089004345911603
2022-02-22 07:52:06.900,740.5478301247415,0.06213694553162394
2022-02-22 07:52:07.000,740.5408591072313,0.06552098900352467
2022-02-22 07:52:07.100,740.5473928446836,0.0842436941260294
2022-02-22 07:52:07.200,740.5652540555476,0.08534635317340748
2022-02-22 07:52:07.300,740.5765809635018,0.04459820624195552
2022-02-22 07:52:07.400,740.5534922705427,0.08337865434270333
2022-02-22 07:52:07.500,740.5669978761224,0.051662365412357955
2022-02-22 07:52:07.600,740.8936220478965,0.03580502757993632
2022-02-22 07:52:07.700,740.9023340121627,0.051127292124656866
2022-02-22 07:52:07.800,740.8910114789896,0.07095068710026704
2022-02-22 07:52:07.900,740.8927585591722,0.06824954212300623
2022-02-22 07:52:08.000,740.8905801257185,0.04047221268969612
2022-02-22 07:52:08.100,740.8992942851488,0.040914545090957564
2022-02-22 07:52:08.200,740.8992942851488,0.047391982444291145
2022-02-22 07:52:08.300,740.9149747344997,0.043150898020782834
2022-02-22 07:52:08.400,740.923690769523,0.03196873472629156
2022-02-22 07:52:08.500,740.9280492103519,0.028653097563788806
2022-02-22 07:52:08.600,740.9258699550344,0.04980963762164909
2022-02-22 07:52:08.700,740.9350139599229,0.0743706931526122
2022-02-22 07:52:08.800,740.9324079356545,0.03449637662132068
2022-02-22 07:52:08.900,740.9254435598446,0.06178996682310163
2022-02-22 07:52:09.000,740.9254435598446,0.06376519426771944
2022-02-22 07:52:09.100,740.9071560358336,0.06560487786742691
2022-02-22 07:52:09.200,740.9341622495268,0.038379682124790974
2022-02-22 07:52:09.300,740.9202348172531,0.019519221295943138
2022-02-22 07:52:09.400,740.9110912974259,0.06335613624582863
2022-02-22 07:52:09.500,740.9041279290287,0.05330103188494571
2022-02-22 07:52:09.600,740.9198120070545,0.01714642819948225
2022-02-22 07:52:09.700,740.9150294825862,0.03921734310225516
2022-02-22 07:52:09.800,740.9193905993394,0.015937377450509226
2022-02-22 07:52:09.900,740.9102474026018,0.04346262762420146
2022-02-22 07:52:10.000,740.9324756466266,0.031717503054307414
2022-02-22 07:52:10.100,740.9163707722098,0.02172556098240043
2022-02-22 07:52:10.200,740.9054657658637,0.10249878048055011
2022-02-22 07:52:10.300,740.9189705925662,0.0893364427319557
2022-02-22 07:52:10.400,740.9006845751449,0.08098147936411139
2022-02-22 07:52:10.500,740.880637433359,0.14143196244130957
2022-02-22 07:52:10.600,740.9006845751449,0.07203471385380801
2022-02-22 07:52:10.700,740.8980850255749,0.04042276586281547
2022-02-22 07:52:10.800,740.9046290397165,0.035972211497209895
2022-02-22 07:52:10.900,740.8998494126896,0.027820855486487113
2022-02-22 07:52:11.000,740.9085764291174,0.05236410984634419
2022-02-22 07:52:11.100,740.9016158908642,0.06857113095173507
2022-02-22 07:52:11.200,740.905980018785,0.09108786966440702
2022-02-22 07:52:11.300,740.8968376579056,0.0401621712560464
2022-02-22 07:52:11.400,740.8698248008791,0.037013511046643494
2022-02-22 07:52:11.500,740.8763709165711,0.048928519290900266
2022-02-22 07:52:11.600,740.8646334329657,0.06507687761409578
2022-02-22 07:52:11.700,740.8624510576503,0.03207802986469088
2022-02-22 07:52:11.800,740.8781404334849,0.050941142507800116
2022-02-22 07:52:11.900,740.8803229938044,0.0402119385257662
2022-02-22 07:52:12.000,740.8685872960247,0.07874642849044013
2022-02-22 07:52:12.100,740.8886442335379,0.07708436936240706
2022-02-22 07:52:12.200,740.8725440838978,0.0904267659490264
2022-02-22 07:52:12.300,740.842936067817,0.05948949487094339
2022-02-22 07:52:12.400,740.8477111407327,0.056338264084013094
2022-02-22 07:52:12.500,740.8228787292096,0.05714017850864661
2022-02-22 07:52:12.600,740.8067787660254,0.02046948949045872
2022-02-22 07:52:12.700,740.7998205328089,0.01661324772583615
2022-02-22 07:52:12.800,740.8045956788243,0.09149316914393119
2022-02-22 07:52:12.900,740.8181033659508,0.08061017305526641
2022-02-22 07:52:13.000,740.8202865671162,0.06809552114493288
2022-02-22 07:52:13.100,740.8176952584847,0.051078371156488535
2022-02-22 07:52:13.200,740.8220623506352,0.053197744313081545
2022-02-22 07:52:13.300,740.8329813198729,0.08965489389877163
2022-02-22 07:52:13.400,740.7990063662165,0.050059964043135306
2022-02-22 07:52:13.500,740.7763567521248,0.05349766350038102
2022-02-22 07:52:13.600,740.7672157949435,0.042023802778901394
2022-02-22 07:52:13.700,740.7310583746295,0.05960704656330491
2022-02-22 07:52:13.800,740.7332419861974,0.051516987489565035
2022-02-22 07:52:13.900,740.6970853352816,0.09044888059008802
2022-02-22 07:52:14.000,740.6831709936818,0.031416556144810016
2022-02-22 07:52:14.100,740.6966790227268,0.060440052945046306
2022-02-22 07:52:14.200,740.6718467558726,0.06516133823057965
2022-02-22 07:52:14.300,740.6692573664236,0.022561028345356955
2022-02-22 07:52:14.400,740.6644847905768,0.0543323108288245
2022-02-22 07:52:14.500,740.6370639460371,0.0628728876384726
2022-02-22 07:52:14.600,740.6483882666794,0.0669776081985614
2022-02-22 07:52:14.700,740.6370639460371,0.07430343195303969
2022-02-22 07:52:14.800,737.8066932302731,0.05813776741499453
2022-02-22 07:52:14.900,737.8040962874011,0.07576938695805846
2022-02-22 07:52:15.000,737.7813617674806,0.030430248109405877
2022-02-22 07:52:15.100,737.7678020735755,0.044147480109288234
2022-02-22 07:52:15.200,737.756435031867,0.05399073994677235
2022-02-22 07:52:15.300,737.729316558522,0.10637198879404294
2022-02-22 07:52:15.400,737.710967563954,0.07988116173416608
2022-02-22 07:52:15.500,737.7127555869923,0.03606937759374287
2022-02-22 07:52:15.600,737.692214500115,0.032015621187164243
2022-02-22 07:52:15.700,737.6808477115737,0.04845616575834287
2022-02-22 07:52:15.800,737.6603068975942,0.024879710609249456
2022-02-22 07:52:15.900,737.6690778210091,0.08787491109526085
2022-02-22 07:52:16.000,737.6690778210091,0.022583179581272428
2022-02-22 07:52:16.100,737.6485371166699,0.040620192023179805
2022-02-22 07:52:16.200,737.6192257967449,0.05359104402789705
2022-02-22 07:52:16.300,737.6236110511057,0.03956008088970496
2022-02-22 07:52:16.400,737.5960897262942,0.0626338566591584
2022-02-22 07:52:16.500,737.6004754278385,0.018601075237738275
2022-02-22 07:52:16.600,737.5891089013536,0.042626282971894226
2022-02-22 07:52:16.700,737.577742444454,0.012041594578792296
2022-02-22 07:52:16.800,737.5550097412865,0.04619523784980439
2022-02-22 07:52:16.900,737.5755496457572,0.06661080993352356
2022-02-22 07:52:17.000,737.5554129920429,0.10102474944289642
2022-02-22 07:52:17.100,737.5488360040795,0.11531695452100701
2022-02-22 07:52:17.200,737.5370657035959,0.04032369030731191
2022-02-22 07:52:17.300,737.5077567925981,0.079012657213892
2022-02-22 07:52:17.400,737.4941989080551,0.06694774081326418
2022-02-22 07:52:17.500,737.4806412519252,0.07644605941446557
2022-02-22 07:52:17.600,737.475851771959,0.07291090453423274
2022-02-22 07:52:17.700,737.4553127028928,0.01714642819948225
2022-02-22 07:52:17.800,737.452716034928,0.04249705872175156
2022-02-22 07:52:17.900,737.4776399565776,0.09152595260361948
2022-02-22 07:52:18.000,737.454908424273,0.019052558883257648
2022-02-22 07:52:18.100,737.452716034928,0.03349626844888845
2022-02-22 07:52:18.200,737.419024429779,0.1282653499585917
2022-02-22 07:52:18.300,737.3761623122172,0.1730462365958879
2022-02-22 07:52:18.400,737.3582234043438,0.16371316379570702
2022-02-22 07:52:18.500,737.3398765734734,0.11562871615649808
2022-02-22 07:52:18.600,737.3105741062692,0.14410412901787373
2022-02-22 07:52:18.700,737.2922274298165,0.09922197337283713
2022-02-22 07:52:18.800,737.3171474035589,0.07570336848516056
2022-02-22 07:52:18.900,737.2760721065532,0.1026352765865616
2022-02-22 07:52:19.000,737.2734729016767,0.053272882407468816
2022-02-22 07:52:19.100,737.2778558697904,0.060199667773169645
2022-02-22 07:52:19.200,737.2800474599527,0.04545327270945405
2022-02-22 07:52:19.300,737.254720646582,0.09925220400575496
2022-02-22 07:52:19.400,737.2617017012884,0.03374907406137241
2022-02-22 07:52:19.500,737.250337230785,0.050289163842720634
2022-02-22 07:52:19.600,737.2477397698733,0.055
2022-02-22 07:52:19.700,737.256912460742,0.06549045732013177
2022-02-22 07:52:19.800,737.238567132045,0.062177166226839255
2022-02-22 07:52:19.900,737.2473353185059,0.05223983154643591
2022-02-22 07:52:20.000,737.2267982148388,0.06212084996198942
2022-02-22 07:52:20.100,737.224202737535,0.09194563611178075
2022-02-22 07:52:20.200,737.2084534780633,0.09111531155629113
2022-02-22 07:52:20.300,737.1944936607039,0.10232301793829186
2022-02-22 07:52:20.400,737.2014734805399,0.061725197448043854
2022-02-22 07:52:20.500,737.1966861196605,0.08387490685538793
2022-02-22 07:52:20.600,737.1944936607039,0.06303967004989794
2022-02-22 07:52:20.700,737.1966861196605,0.05109794516416487
2022-02-22 07:52:20.800,737.1923012733074,0.05908468498688979
2022-02-22 07:52:20.900,737.1695723483098,0.07212489168102784
2022-02-22 07:52:21.000,737.1831291197349,0.052735187493740836
2022-02-22 07:52:21.100,737.1673801191221,0.09477341399358788
2022-02-22 07:52:21.200,737.1651879611832,0.09109884741312592
2022-02-22 07:52:21.300,737.1472477738115,0.12088424214925617
2022-02-22 07:52:21.400,737.1420562067145,0.08928605714219885
2022-02-22 07:52:21.500,737.1376716557237,0.08978864070694022
2022-02-22 07:52:21.600,737.1420562067145,0.08280096617793781
2022-02-22 07:52:21.700,737.1259048153305,0.08769834662067467
2022-02-22 07:52:21.800,737.1280973234198,0.08010617953691214
2022-02-22 07:52:21.900,737.148633566197,0.04920365840057018
2022-02-22 07:52:22.000,737.1438470234552,0.07718160402582988
2022-02-22 07:52:22.100,737.1482326241186,0.06982836100038436
2022-02-22 07:52:22.200,737.1460397878507,0.0408656334834051
2022-02-22 07:52:22.300,737.1482326241186,0.030870698080866264
2022-02-22 07:52:22.400,737.1259048153305,0.05831809324729333
2022-02-22 07:52:22.500,737.1280973234198,0.055263007518592394
2022-02-22 07:52:22.600,737.1324825518047,0.03252691193458119
2022-02-22 07:52:22.700,737.1438470234552,0.06428841264178171
2022-02-22 07:52:22.800,737.1508261615534,0.09432391001225511
2022-02-22 07:52:22.900,737.1189255452044,0.055830099408831435
2022-02-22 07:52:23.000,737.136868064271,0.04805205510693585
2022-02-22 07:52:23.100,737.1207176961512,0.09322553298319082
2022-02-22 07:52:23.200,737.1298892861706,0.07206247289678588
2022-02-22 07:52:23.300,737.1570046773894,0.04949747468305833
2022-02-22 07:52:23.400,737.1727560216553,0.06122907805936653
2022-02-22 07:52:23.500,737.184120981757,0.06634003316248795
2022-02-22 07:52:23.600,737.1705627156238,0.03512833614050059
2022-02-22 07:52:23.700,737.1749493983239,0.06391400472509917
2022-02-22 07:52:23.800,737.1749493983239,0.03806573262134856
2022-02-22 07:52:23.900,737.1723585047575,0.13443213901444848
2022-02-22 07:52:24.000,737.1737620101962,0.2847174037532655
2022-02-22 07:52:24.100,737.1627911658027,0.16539044712437295
2022-02-22 07:52:24.200,737.1496284962789,0.1671316846082753
2022-02-22 07:52:24.300,737.0993850552418,0.3402499081557554
2022-02-22 07:52:24.400,737.0483520551849,0.35797346270359204
2022-02-22 07:52:24.500,737.0050874747959,0.3627133854712285
2022-02-22 07:52:24.600,736.8910504208068,0.5671525368011678
2022-02-22 07:52:24.700,736.7774138632049,0.6863155251048894
2022-02-22 07:52:24.800,736.6021887003095,1.0166248078814524
2022-02-22 07:52:24.900,736.4566770261774,1.239014931306318
2022-02-22 07:52:25.000,736.3566190180948,1.1831779240672131
2022-02-22 07:52:25.100,733.9218193878605,1.3560932858767496
2022-02-22 07:52:25.200,733.841659879856,1.2651663922188259
2022-02-22 07:52:25.300,733.7303401832365,1.3472779965545345
2022-02-22 07:52:25.400,733.5804657253644,1.5809421241778587
2022-02-22 07:52:25.500,733.4551685419262,1.5587289693849924
2022-02-22 07:52:25.600,733.1227983085605,1.9376444462284612
2022-02-22 07:52:25.700,732.9813315261736,1.82966035099414
2022-02-22 07:52:25.800,732.894617159367,1.6634235780461935
2022-02-22 07:52:25.900,732.7233927477098,1.8000161110390096
2022-02-22 07:52:26.000,732.4974458105032,2.0485341100406407
2022-02-22 07:52:26.100,732.3196706289616,2.0788912910491493
2022-02-22 07:52:26.200,732.0648412378438,2.3548768545297647
2022-02-22 07:52:26.300,731.8551511236451,2.4220747304738555
2022-02-22 07:52:26.400,731.7071935693087,2.3333763091280413
2022-02-22 07:52:26.500,731.5259679391559,2.433570627699143
2022-02-22 07:52:26.600,731.2117471288677,2.9101822966955178
2022-02-22 07:52:26.700,730.8293236417019,3.497106375276566
2022-02-22 07:52:26.800,729.5903555993284,3.596761598994295
2022-02-22 07:52:26.900,729.3516716736352,3.550168869222984
2022-02-22 07:52:27.000,729.0976788073665,3.534071023621342
2022-02-22 07:52:27.100,728.7399607061516,3.862706046284133
2022-02-22 07:52:27.200,728.405071293789,4.214547188014389
2022-02-22 07:52:27.300,728.0295152027052,4.4860650909232245
2022-02-22 07:52:27.400,727.6439060489281,4.7223940962185695
2022-02-22 07:52:27.500,727.2286090486407,5.131845379588126
2022-02-22 07:52:27.600,726.835711795362,5.390477715379222
2022-02-22 07:52:27.700,726.6476239375379,5.612807764390297
2022-02-22 07:52:27.800,726.3733629457749,6.021377001982188
2022-02-22 07:52:27.900,726.0903733463645,6.380185420503075
2022-02-22 07:52:28.000,725.7400430565722,6.540362451730026
2022-02-22 07:52:28.100,725.4142723494436,6.919900360554334
2022-02-22 07:52:28.200,723.3707499460037,7.092269100929546
2022-02-22 07:52:28.300,722.7895282745665,7.458352968316799
2022-02-22 07:52:28.400,722.3695842268783,7.564923859497861
2022-02-22 07:52:28.500,721.9225815801832,7.532750759184855
2022-02-22 07:52:28.600,721.3763560591419,7.587209500204934
2022-02-22 07:52:28.700,718.5503974281077,8.156976094117232
2022-02-22 07:52:28.800,717.9571104614362,8.708576577145084
2022-02-22 07:52:28.900,717.3557502449108,9.059958774740643
2022-02-22 07:52:29.000,716.7584974474447,9.38571180039106
2022-02-22 07:52:29.100,715.0391988730456,9.632629184184347
2022-02-22 07:52:29.200,714.4448596047765,10.03309712900259
2022-02-22 07:52:29.300,713.8246826518808,10.007880944535662
2022-02-22 07:52:29.400,713.1780192169123,10.041184491881424
2022-02-22 07:52:29.500,712.4609862430008,10.115451645873257
2022-02-22 07:52:29.600,711.7127168307857,10.202447206430426
2022-02-22 07:52:29.700,710.8524833017383,10.75775534207764
2022-02-22 07:52:29.800,708.8955616757463,11.03178199567051
2022-02-22 07:52:29.900,706.183298048699,11.154474304062921
2022-02-22 07:52:30.000,705.3986580191481,11.005363874038878
2022-02-22 07:52:30.100,704.5354008654601,11.170623706848245
2022-02-22 07:52:30.200,703.677350565607,11.480931190456635
2022-02-22 07:52:30.300,701.1765926509186,11.586482555115682
2022-02-22 07:52:30.400,700.3078349270044,11.603389418613856
2022-02-22 07:52:30.500,699.3931098410131,11.728734714367105
2022-02-22 07:52:30.600,698.4836341713656,11.88572130751853
2022-02-22 07:52:30.700,697.6272668510093,11.897433252596965
2022-02-22 07:52:30.800,696.8559914705468,12.259338522122635
2022-02-22 07:52:30.900,694.3050554263688,12.361491859803976
2022-02-22 07:52:31.000,693.4050470231348,12.555794439222076
2022-02-22 07:52:31.100,692.4716208645119,12.654127429420015
2022-02-22 07:52:31.200,691.5418205406322,12.812217957871308
2022-02-22 07:52:31.300,690.65863385024,12.734024147927475
2022-02-22 07:52:31.400,688.5635770315587,12.844026315762514
2022-02-22 07:52:31.500,687.6006794125127,13.099319066272109
2022-02-22 07:52:31.600,684.5731953725149,13.305066290702952
2022-02-22 07:52:31.700,683.5492660443596,13.494200013339064
2022-02-22 07:52:31.800,682.5939893134089,13.352436481781144
2022-02-22 07:52:31.900,681.5616440578971,13.599720217710363
2022-02-22 07:52:32.000,680.5324542129374,13.785611810870055
2022-02-22 07:52:32.100,679.5489652183497,13.626544903239411
2022-02-22 07:52:32.200,678.5620377874375,13.491501695511882
2022-02-22 07:52:32.300,675.9683538993097,13.595224492445869
2022-02-22 07:52:32.400,675.0128824883957,13.470462241511981
2022-02-22 07:52:32.500,674.0431824868983,13.502791192934888
2022-02-22 07:52:32.600,673.0588346381986,13.575620133165188
2022-02-22 07:52:32.700,668.7642791006771,13.683063472775386
2022-02-22 07:52:32.800,667.650632476071,13.932782672531715
2022-02-22 07:52:32.900,666.5649420607888,14.139057995496023
2022-02-22 07:52:33.000,665.4422309228942,14.43911718215487
2022-02-22 07:52:33.100,663.0572420024099,14.516732552471993
2022-02-22 07:52:33.200,661.9967166999468,14.674655532584062
2022-02-22 07:52:33.300,660.8390339486725,14.967596199791068
2022-02-22 07:52:33.400,659.7031719382426,15.23755154216057
2022-02-22 07:52:33.500,656.2919207520504,15.483882846366413
2022-02-22 07:52:33.600,654.1952557081339,15.620872574859575
2022-02-22 07:52:33.700,652.9365453115569,15.871594563874167
2022-02-22 07:52:33.800,651.6562906377934,15.967346523452166
2022-02-22 07:52:33.900,648.6577286956997,15.927974164971515
2022-02-22 07:52:34.000,647.510205015377,15.783370996083187
2022-02-22 07:52:34.100,646.3100399211726,15.74589371868107
2022-02-22 07:52:34.200,643.60473055845,15.66742754889902
2022-02-22 07:52:34.300,642.5289242078472,15.423833634994901
2022-02-22 07:52:34.400,641.4093358651884,15.298938198450243
2022-02-22 07:52:34.500,640.3791323246229,15.08180390404278
2022-02-22 07:52:34.600,637.7855836790251,15.028681246203872
2022-02-22 07:52:34.700,636.4916992379666,15.4344882973165
2022-02-22 07:52:34.800,635.21940118082,15.7272315109812
2022-02-22 07:52:34.900,634.0566586916739,15.66990918927101
2022-02-22 07:52:35.000,632.369954052527,15.176265976846874
2022-02-22 07:52:35.100,631.2334113251269,15.061348445607386
2022-02-22 07:52:35.200,630.1446913139627,14.936428856992558
2022-02-22 07:52:35.300,626.4244978628298,15.003229552333057
2022-02-22 07:52:35.400,625.1813343868181,15.21708848630381
2022-02-22 07:52:35.500,624.1031175427742,15.136681175211429
2022-02-22 07:52:35.600,622.9583003947139,15.13878469362716
2022-02-22 07:52:35.700,621.9659839430298,14.839298703105886
2022-02-22 07:52:35.800,620.8969830348354,14.765766251705326
2022-02-22 07:52:35.900,618.2837933641623,14.680415593572274
2022-02-22 07:52:36.000,617.2043849657309,14.68121500421542
2022-02-22 07:52:36.100,616.1225711001347,14.668566698897338
2022-02-22 07:52:36.200,614.9838059907196,14.630420397240812
2022-02-22 07:52:36.300,612.0255387638117,14.721741642889947
2022-02-22 07:52:36.400,610.92552208591,14.74958070590483
2022-02-22 07:52:36.500,609.8353941349272,14.759467368438468
2022-02-22 07:52:36.600,608.9170352187429,14.544008422714832
2022-02-22 07:52:36.700,607.8625346701097,14.501675937628727
2022-02-22 07:52:36.800,603.4181718003094,14.556118541699227
2022-02-22 07:52:36.900,602.228256863818,14.69482949884074
2022-02-22 07:52:37.000,601.0070861294864,14.941538541930681
2022-02-22 07:52:37.100,599.8569945380644,14.979718088135035
2022-02-22 07:52:37.200,597.1778221647555,15.1106956160198
2022-02-22 07:52:37.300,595.9668836599935,15.277715994218507
2022-02-22 07:52:37.400,594.6397958802027,15.628392303752808
2022-02-22 07:52:37.500,593.3836134849446,15.734045029807179
2022-02-22 07:52:37.600,592.1825128746459,15.771366776535253
2022-02-22 07:52:37.700,591.0502947586012,15.655594591071909
2022-02-22 07:52:37.800,590.1209297745077,15.194749125931628
2022-02-22 07:52:37.900,589.0781161813799,15.077410951486332
2022-02-22 07:52:38.000,588.3202690005425,15.31186696650673
2022-02-22 07:52:38.100,587.0610626718129,15.5475750199187
2022-02-22 07:52:38.200,583.8821162878223,15.642472726522492
2022-02-22 07:52:38.300,582.6302741880636,15.76072517367142
2022-02-22 07:52:38.400,580.1196064452092,15.744144403555246
2022-02-22 07:52:38.500,578.8648300254895,15.930958131888993
2022-02-22 07:52:38.600,577.6759829525041,15.92302188656412
2022-02-22 07:52:38.700,576.435936091665,16.046148104763336
2022-02-22 07:52:38.800,574.2540052247591,16.06315327076225
2022-02-22 07:52:38.900,573.0157133442873,16.23083996594138
2022-02-22 07:52:39.000,571.8776701709661,16.11384662332368
2022-02-22 07:52:39.100,570.6786872766899,16.087540085420144
2022-02-22 07:52:39.200,566.2312987062138,16.108654071647326
2022-02-22 07:52:39.300,565.1078405580307,16.01554176417395
2022-02-22 07:52:39.400,563.966830242247,15.872834308969523
2022-02-22 07:52:39.500,562.7091649171565,16.175182904684572
2022-02-22 07:52:39.600,560.1131348693291,16.071806276831488
2022-02-22 07:52:39.700,558.9419571911468,15.991128634339729
2022-02-22 07:52:39.800,557.7835421849742,16.098721253565454
2022-02-22 07:52:39.900,556.6101369275516,16.121659095763068
2022-02-22 07:52:40.000,553.9714682772956,16.20959360995827
2022-02-22 07:52:40.100,552.844094664358,16.049851930781166
2022-02-22 07:52:40.200,550.9967110345626,15.96850991796041
2022-02-22 07:52:40.300,549.8173773373521,16.12604294301612
2022-02-22 07:52:40.400,547.2016253756659,15.892464251965457
2022-02-22 07:52:40.500,546.0844161470909,15.570320163696056
2022-02-22 07:52:40.600,544.9366056505957,15.98375706772347
2022-02-22 07:52:40.700,543.7193155908338,15.823162420957448
2022-02-22 07:52:40.800,542.5821338740469,15.902911117150847
2022-02-22 07:52:40.900,538.6465158004222,15.815623446453193
2022-02-22 07:52:41.000,537.4464696065443,16.02043051855973
2022-02-22 07:52:41.100,536.2325353029732,16.088235360038713
2022-02-22 07:52:41.200,534.5781561535598,16.049697598397298
2022-02-22 07:52:41.300,531.9361909870894,15.996795022753776
2022-02-22 07:52:41.400,530.7665703370155,15.967417762431094
2022-02-22 07:52:41.500,529.5807578367669,15.985854027858506
2022-02-22 07:52:41.600,528.3335251845017,16.24224793555375
2022-02-22 07:52:41.700,527.2392843457609,15.957099172468661
2022-02-22 07:52:41.800,526.1104207354492,15.934833698536048
2022-02-22 07:52:41.900,525.0239072943815,15.71223593254633
2022-02-22 07:52:42.000,523.8883045792301,15.738175434274456
2022-02-22 07:52:42.100,521.2024204568377,15.844087414553101
2022-02-22 07:52:42.200,520.0039053450324,15.984345779543185
2022-02-22 07:52:42.300,518.7859492735738,16.055231670704725
2022-02-22 07:52:42.400,517.2591805256442,15.937167722026395
2022-02-22 07:52:42.500,514.6263935294412,15.894774770345128
2022-02-22 07:52:42.600,513.5245627907092,15.60086795662344
2022-02-22 07:52:42.700,512.4484315769072,15.27545089350884
2022-02-22 07:52:42.800,511.27839513482655,15.436040327752451
2022-02-22 07:52:42.900,508.55357464444836,15.654863110228717
2022-02-22 07:52:43.000,507.3957866585195,15.776978988386846
2022-02-22 07:52:43.100,506.21679437141694,15.758087986808553
2022-02-22 07:52:43.200,505.1077566860514,15.536691604070668
2022-02-22 07:52:43.300,502.4783519256598,15.373388533436602
2022-02-22 07:52:43.400,501.396495708728,15.236036295572417
2022-02-22 07:52:43.500,500.28809563295874,15.198375801380884
2022-02-22 07:52:43.600,499.06439517071163,15.460215554771544
2022-02-22 07:52:43.700,496.32537822307705,15.7640102765762
2022-02-22 07:52:43.800,495.06489898615484,15.96124490758788
2022-02-22 07:52:43.900,493.7317851947438,16.25115983553174
2022-02-22 07:52:44.000,491.14339081270157,16.09113314841438
2022-02-22 07:52:44.100,489.7909176644905,15.960398804541196
2022-02-22 07:52:44.200,488.72168363427113,15.700765522738054
2022-02-22 07:52:44.300,487.6243680335864,15.541036323231472
2022-02-22 07:52:44.400,486.5848390201288,15.3039964061679
2022-02-22 07:52:44.500,484.11401453761647,15.12589296537563
2022-02-22 07:52:44.600,483.1602663336945,14.794979249731984
2022-02-22 07:52:44.700,482.15017429965985,14.678557183865177
2022-02-22 07:52:44.800,481.0777248060597,14.640117280950998
2022-02-22 07:52:44.900,476.90628549721407,15.047403596634206
2022-02-22 07:52:45.000,475.9695267356281,14.60519120039173
2022-02-22 07:52:45.100,474.7403580314224,14.834871452088825
2022-02-22 07:52:45.200,473.75923978748483,14.80068356529522
2022-02-22 07:52:45.300,472.6814704797952,14.855856690208075
2022-02-22 07:52:45.400,471.5922267373039,14.885536402830768
2022-02-22 07:52:45.500,470.6141578605435,14.713877972852703
2022-02-22 07:52:45.600,469.5205732359137,14.727338557933678
2022-02-22 07:52:45.700,467.0762763957242,14.654768131908467
2022-02-22 07:52:45.800,466.1322939688954,14.432841334955498
2022-02-22 07:52:45.900,465.1240580368331,14.377275680740075
2022-02-22 07:52:46.000,464.0735411074133,14.373575094596333
2022-02-22 07:52:46.100,463.0496802493038,14.202679817555559
2022-02-22 07:52:46.200,460.6956710930581,13.90365656940648
2022-02-22 07:52:46.300,459.69276959768126,13.940924251999936
2022-02-22 07:52:46.400,458.7453244784643,13.917868155719827
2022-02-22 07:52:46.500,457.8014318783281,13.79864620171124
2022-02-22 07:52:46.600,455.3433438692033,13.772750124793523
2022-02-22 07:52:46.700,454.32113034578657,13.608987398039577
2022-02-22 07:52:46.800,453.3376240565046,13.569539638469685
2022-02-22 07:52:46.900,452.3760388177147,13.542749831551937
2022-02-22 07:52:47.000,451.4291154483769,13.495039310798617
2022-02-22 07:52:47.100,449.10392760810487,13.328846199127666
2022-02-22 07:52:47.200,448.19549195696766,13.176679020147679
2022-02-22 07:52:47.300,447.2779435928745,13.082187508211307
2022-02-22 07:52:47.400,446.2606930865942,13.112468608160707
2022-02-22 07:52:47.500,445.3896978745902,12.98724836137355
2022-02-22 07:52:47.600,443.09309037225376,12.829777472738957
2022-02-22 07:52:47.700,442.4640326416241,12.43907693520705
2022-02-22 07:52:47.800,441.63686819731083,12.39411126301519
2022-02-22 07:52:47.900,440.81234844777083,12.287531322442275
2022-02-22 07:52:48.000,440.10276172679824,11.989833776996244
2022-02-22 07:52:48.100,439.31476273247245,11.90676752943468
2022-02-22 07:52:48.200,437.0278709415244,11.895446397676718
2022-02-22 07:52:48.300,436.0226977687534,12.184168826801441
2022-02-22 07:52:48.400,435.12856940082014,12.29755642394049
2022-02-22 07:52:48.500,434.30340530008095,12.245076398291681
2022-02-22 07:52:48.600,433.5366142684421,12.000028583299292
2022-02-22 07:52:48.700,431.40474935173995,11.86827506422058
2022-02-22 07:52:48.800,430.64248995801586,11.694483058262986
2022-02-22 07:52:48.900,429.970398899074,11.329024053288968
2022-02-22 07:52:49.000,429.29301034697613,11.131973634535793
2022-02-22 07:52:49.100,428.63743987548145,11.118738642489983
2022-02-22 07:52:49.200,428.0593371319792,11.092345964673116
2022-02-22 07:52:49.300,426.04815605546804,11.089876960543792
2022-02-22 07:52:49.400,425.34647960585136,11.147077688793598
2022-02-22 07:52:49.500,424.56238437683686,11.124231344232284
2022-02-22 07:52:49.600,423.835971430782,11.096549463684646
2022-02-22 07:52:49.700,423.0829413637507,11.066853617898811
2022-02-22 07:52:49.800,422.2831941699823,11.031227402243143
2022-02-22 07:52:49.900,421.60215199651043,11.054790319133149
2022-02-22 07:52:50.000,420.9354735932286,11.097162790551465
2022-02-22 07:52:50.100,417.548325421055,11.07187427674285
2022-02-22 07:52:50.200,416.77740880711104,10.988209863303485
2022-02-22 07:52:50.300,416.0821267155097,10.864204802929665
2022-02-22 07:52:50.400,415.4870247336782,10.66760019873261
2022-02-22 07:52:50.500,414.8171987476249,10.576021794606893
2022-02-22 07:52:50.600,414.1977037199642,10.36623065535395
2022-02-22 07:52:50.700,413.5376121281333,10.312346289763548
2022-02-22 07:52:50.800,413.1006975137149,9.94182724653773
2022-02-22 07:52:50.900,412.55350609268265,9.7588719635007
2022-02-22 07:52:51.000,411.8693476617667,9.851548507722022
2022-02-22 07:52:51.100,411.1765925506387,9.982931833885274
2022-02-22 07:52:51.200,410.55708178261057,9.985479307474428
2022-02-22 07:52:51.300,408.60944759631195,10.056524797364148
2022-02-22 07:52:51.400,408.0333034408346,9.993748696059953
2022-02-22 07:52:51.500,407.4275358905481,9.958596989536227
2022-02-22 07:52:51.600,407.1449910031032,9.659103115714212
2022-02-22 07:52:51.700,406.87104040500935,9.351279805459786
2022-02-22 07:52:51.800,406.4047919100718,9.235302052450693
2022-02-22 07:52:51.900,405.86017796572014,9.181197852132367
2022-02-22 07:52:52.000,405.23855264491795,9.355756890813272
2022-02-22 07:52:52.100,404.6867042350106,9.454063412099583
2022-02-22 07:52:52.200,402.8174958402706,9.564515774465532
2022-02-22 07:52:52.300,402.2067825392056,9.495749206881994
2022-02-22 07:52:52.400,401.6333808921777,9.430272795630039
2022-02-22 07:52:52.500,401.24494196361417,9.115813512791933
2022-02-22 07:52:52.600,400.64636660472075,9.22442160788415
2022-02-22 07:52:52.700,400.1383304354911,9.0382014250624
2022-02-22 07:52:52.800,399.6716936235304,8.934155863874325
2022-02-22 07:52:52.900,399.15033773255317,8.916277754758429
2022-02-22 07:52:53.000,398.59482551139394,8.95482892075555
2022-02-22 07:52:53.100,396.66572789763177,8.997497874409309
2022-02-22 07:52:53.200,396.132992251688,8.990388534429421
2022-02-22 07:52:53.300,395.4909451647861,9.034801602691672
2022-02-22 07:52:53.400,394.9430261340612,8.74409800951476
2022-02-22 07:52:53.500,394.4453493905244,8.44850365449409
2022-02-22 07:52:53.600,394.0181632022635,8.247145203038443
2022-02-22 07:52:53.700,393.60688864281747,8.136586630768457
2022-02-22 07:52:53.800,393.03823799426647,8.18889858283762
2022-02-22 07:52:53.900,391.2287657798,8.12214171262728
2022-02-22 07:52:54.000,390.66404686140305,8.111486978353598
2022-02-22 07:52:54.100,390.21793571833166,8.002452998924767
2022-02-22 07:52:54.200,389.7415594691307,7.951202299023715
2022-02-22 07:52:54.300,389.32520375201335,7.840268936713842
2022-02-22 07:52:54.400,388.84626583988853,7.718945912493493
2022-02-22 07:52:54.500,388.4639552088644,7.646913821928426
2022-02-22 07:52:54.600,388.0383607559427,7.625006360653085
2022-02-22 07:52:54.700,387.553742856278,7.638792378380237
2022-02-22 07:52:54.800,387.15881621484243,7.4913470751260745
2022-02-22 07:52:54.900,386.76569947367113,7.348220056585132
2022-02-22 07:52:55.000,385.0981022265956,7.12483564722724
2022-02-22 07:52:55.100,384.6828615246947,7.110324183889227
2022-02-22 07:52:55.200,384.3671178485301,7.107152805448888
2022-02-22 07:52:55.300,384.000831832497,7.085071276987974
2022-02-22 07:52:55.400,383.5910291017132,7.0382209399819216
2022-02-22 07:52:55.500,383.2013841256312,6.997378437672212
2022-02-22 07:52:55.600,382.7133836808765,7.117911140215225
2022-02-22 07:52:55.700,382.32476283117046,7.10660460416928
2022-02-22 07:52:55.800,381.9928958918345,6.970925333124721
2022-02-22 07:52:55.900,381.64705011348343,6.831867167912445
2022-02-22 07:52:56.000,381.4913702644183,6.478265585787604
2022-02-22 07:52:56.100,381.2268918970385,6.37500478431193
2022-02-22 07:52:56.200,380.8795010254653,6.319664627177616
2022-02-22 07:52:56.300,379.2557503784958,6.218023319351577
2022-02-22 07:52:56.400,378.9188022001982,6.208450209190696
2022-02-22 07:52:56.500,378.63186615044873,6.206842917297005
2022-02-22 07:52:56.600,378.3387472210446,6.2134200727135775
2022-02-22 07:52:56.700,378.09200068102194,6.102356593972528
2022-02-22 07:52:56.800,377.88568763633305,5.937119250949908
2022-02-22 07:52:56.900,377.6305093236853,5.802029817227761
2022-02-22 07:52:57.000,377.34194494698903,5.5660248831639265
2022-02-22 07:52:57.100,376.9837152150328,5.5186506502948705
2022-02-22 07:52:57.200,376.745830131985,5.382671177027258
2022-02-22 07:52:57.300,376.52874350676404,5.252550428125369
2022-02-22 07:52:57.400,376.2292708894001,5.192087248881706
2022-02-22 07:52:57.500,375.81491479778185,5.21605415999489
2022-02-22 07:52:57.600,375.3794178288952,5.470585891840106
2022-02-22 07:52:57.700,373.94922316278587,5.433682637033562
2022-02-22 07:52:57.800,373.75619266290283,5.245888771218849
2022-02-22 07:52:57.900,373.53550662473606,5.112907098706175
2022-02-22 07:52:58.000,373.3724195765998,4.943515146128309
2022-02-22 07:52:58.100,373.1928526556105,4.862694314883468
2022-02-22 07:52:58.200,373.0735353438478,4.787511253250482
2022-02-22 07:52:58.300,372.8503135715054,4.56314211919813
2022-02-22 07:52:58.400,372.65549677703723,4.3217148216882615
2022-02-22 07:52:58.500,372.4135799205806,4.205468107119587
2022-02-22 07:52:58.600,372.2982042726107,4.109019956145261
2022-02-22 07:52:58.700,371.641618644214,3.9494071707029654
2022-02-22 07:52:58.800,371.3469248252124,3.8369530880634963
2022-02-22 07:52:58.900,371.1434500219551,3.797412540138351
2022-02-22 07:52:59.000,371.0024418570458,3.701461738286646
2022-02-22 07:52:59.100,370.866821674493,3.6399596151605857
2022-02-22 07:52:59.200,370.8817656954526,3.525527903733
2022-02-22 07:52:59.300,370.80936047217887,3.3671174615685744
2022-02-22 07:52:59.400,370.5745336322773,3.2093943353847934
2022-02-22 07:52:59.500,370.39181019597396,3.0695975306218894
2022-02-22 07:52:59.600,370.21867488116396,2.931132375038698
2022-02-22 07:52:59.700,370.0784829268821,2.836303227794941
2022-02-22 07:52:59.800,369.920309541843,2.6617094131403602
2022-02-22 07:52:59.900,369.8387331287251,2.540375759607228
2022-02-22 07:53:00.000,369.658748778465,2.4388179513854658
2022-02-22 07:53:00.100,369.54425478967033,2.2469281252412148
2022-02-22 07:53:00.200,369.4649955133675,2.1277988626747595
2022-02-22 07:53:00.300,369.43665827200533,2.0204764289642183
2022-02-22 07:53:00.400,369.37464424522875,1.959223570703456
2022-02-22 07:53:00.500,369.3233667798301,1.9074129075792687
2022-02-22 07:53:00.600,369.3456068542309,1.9022187045658026
2022-02-22 07:53:00.700,369.2939304914856,1.7727543541054978
2022-02-22 07:53:00.800,369.27788124145843,1.7190898754864448
2022-02-22 07:53:00.900,369.2384585399712,1.5922389895992373
2022-02-22 07:53:01.000,369.22353527242484,1.5134245934304094
2022-02-22 07:53:01.100,369.20326516336627,1.4153642640677346
2022-02-22 07:53:01.200,369.2346651244818,1.3643467301239813
2022-02-22 07:53:01.300,369.23199180398876,1.281334460630791
2022-02-22 07:53:01.400,369.2224161707947,1.1615369128874038
2022-02-22 07:53:01.500,369.22397265717154,1.107141815667713
2022-02-22 07:53:01.600,369.2212998791265,1.0416669333332993
2022-02-22 07:53:01.700,369.2473556960852,0.992563348104291
2022-02-22 07:53:01.800,369.2638362727798,0.9383544106572953
2022-02-22 07:53:01.900,369.2776458582864,0.8789431153379609
2022-02-22 07:53:02.000,369.29145688475495,0.8358217513321845
2022-02-22 07:53:02.100,369.30526935286525,0.7787483547334145
2022-02-22 07:53:02.200,369.35582830958015,0.7844392901939576
2022-02-22 07:53:02.300,369.36964336349615,0.7278227806272624
2022-02-22 07:53:02.400,369.39036864927874,0.6949856113618469
2022-02-22 07:53:02.500,369.4329244223426,0.6791156013522293
2022-02-22 07:53:02.600,369.46323618544625,0.6362963146207904
2022-02-22 07:53:02.700,369.5058001670932,0.6242507509006296
2022-02-22 07:53:02.800,369.5292066838023,0.5864511914899654
2022-02-22 07:53:02.900,369.5648632244362,0.5527051655267933
2022-02-22 07:53:03.000,369.6005218334214,0.5290529274089691
2022-02-22 07:53:03.100,369.60477097915185,0.47560172413480584
2022-02-22 07:53:03.200,369.6361825060665,0.475071573554975
2022-02-22 07:53:03.300,369.6569319086469,0.47312260567425857
2022-02-22 07:53:03.400,369.6707666415824,0.4379246510531235
2022-02-22 07:53:03.500,369.68460281341015,0.40572034703721727
2022-02-22 07:53:03.600,369.6957763348956,0.38610620300637494
2022-02-22 07:53:03.700,369.70003213518436,0.3552027589982938
2022-02-22 07:53:03.800,369.7191995345275,0.338107970920533
2022-02-22 07:53:03.900,369.74103075092074,0.3596400978756401
2022-02-22 07:53:04.000,369.7548721654653,0.34869327495665875
2022-02-22 07:53:04.100,369.7495461740279,0.31161835632709445
2022-02-22 07:53:04.200,369.7442207246798,0.2883435450985508
2022-02-22 07:53:04.300,369.75806521481314,0.292205407205274
2022-02-22 07:53:04.400,369.785221690437,0.3078051331605761
2022-02-22 07:53:04.500,369.7921441708443,0.293598365118064
2022-02-22 07:53:04.600,369.80439136009846,0.2621106636518247
2022-02-22 07:53:04.700,369.81397632325024,0.2577712163915901
2022-02-22 07:53:04.800,369.82782257091003,0.26781336785156934
2022-02-22 07:53:04.900,369.83048447206426,0.22889735690916138
2022-02-22 07:53:05.000,369.86190242708705,0.23690082313069322
2022-02-22 07:53:05.100,369.89065911942913,0.2621030331758868
2022-02-22 07:53:05.200,369.88107346890877,0.20393136100168605
2022-02-22 07:53:05.300,369.89332087645727,0.19293003913336046
2022-02-22 07:53:05.400,369.91249229551147,0.20883965140748534
2022-02-22 07:53:05.500,369.91675516744465,0.20661316511781141
2022-02-22 07:53:05.600,369.91941658282644,0.18459144075498193
2022-02-22 07:53:05.700,369.9359273761042,0.18290161289611417
2022-02-22 07:53:05.800,369.9455136098605,0.1816837912418166
2022-02-22 07:53:05.900,369.96734740169126,0.1828824759237473
2022-02-22 07:53:06.000,369.9593645982572,0.16652627420320196
2022-02-22 07:53:06.100,369.9689512258177,0.14692515101234369
2022-02-22 07:53:06.200,370.0115652855369,0.16279434879626503
2022-02-22 07:53:06.300,370.0211525660375,0.143
2022-02-22 07:53:06.400,370.04193621241393,0.15266630276521403
2022-02-22 07:53:06.500,370.08028804191537,0.1466799236432853
2022-02-22 07:53:06.600,370.1037353183529,0.12442266674525185
2022-02-22 07:53:06.700,370.12291253617536,0.1121160113453917
2022-02-22 07:53:06.800,370.1586098649364,0.11693160394008115
2022-02-22 07:53:06.900,370.19003548926247,0.12235195135346229
2022-02-22 07:53:07.000,370.2092142454965,0.10008496390567366
2022-02-22 07:53:07.100,370.2134884516003,0.08736704184073077
2022-02-22 07:53:07.200,370.2518478829229,0.10101980003939821
2022-02-22 07:53:07.300,370.25878085081115,0.08067837380611982
2022-02-22 07:53:07.400,370.2683710769915,0.0862670273047588
2022-02-22 07:53:07.500,370.2875517843576,0.07041306696913578
2022-02-22 07:53:07.600,370.3110105126542,0.10107423014794623
2022-02-22 07:53:07.700,370.31366693145054,0.07130918594402827
2022-02-22 07:53:07.800,370.3371273175828,0.08950418984606251
2022-02-22 07:53:07.900,370.34937452699006,0.07697402159170326
2022-02-22 07:53:08.000,370.3632454384807,0.07292461861401812
2022-02-22 07:53:08.100,370.3754926324654,0.0685638388656878
2022-02-22 07:53:08.200,370.4112039195645,0.10999545445153631
2022-02-22 07:53:08.300,370.4303879095061,0.07534586916347837
2022-02-22 07:53:08.400,370.4495722406284,0.0636553218513582
2022-02-22 07:53:08.500,370.4783493756626,0.06783067152844649
2022-02-22 07:53:08.600,370.5044727092786,0.11975808949711915
2022-02-22 07:53:08.700,370.51141121723714,0.06490762667052309
2022-02-22 07:53:08.800,370.5279432632931,0.06363175307973214
2022-02-22 07:53:08.900,370.53753653063603,0.07368174807915459
2022-02-22 07:53:09.000,370.5567233204758,0.10881635906425101
2022-02-22 07:53:09.100,370.58019718623933,0.07768526243760782
2022-02-22 07:53:09.200,370.60469178256915,0.07314369419163898
2022-02-22 07:53:09.300,370.60897918825464,0.052706735812417756
2022-02-22 07:53:09.400,370.6255146835708,0.05379591062525106
2022-02-22 07:53:09.500,370.6324563657152,0.056586217403180435
2022-02-22 07:53:09.600,370.6420509294754,0.041785164831552354
2022-02-22 07:53:09.700,370.65858792597015,0.03943348830626071
2022-02-22 07:53:09.800,370.67512567271837,0.05388877434122992
2022-02-22 07:53:09.900,370.6847207978882,0.04318564576337837
2022-02-22 07:53:10.000,370.68206888908264,0.054717456081217815
2022-02-22 07:53:10.100,370.70125953329864,0.04925444142409901
2022-02-22 07:53:10.200,370.7257539236172,0.04990991885387112
2022-02-22 07:53:10.300,370.7108549840836,0.06284902544988268
2022-02-22 07:53:10.400,370.7475967421487,0.10534229919647663
2022-02-22 07:53:10.500,370.7571923264172,0.05097057974949863
2022-02-22 07:53:10.600,370.7667879949128,0.03377869150810907
2022-02-22 07:53:10.700,370.7912829815659,0.06583312236253115
2022-02-22 07:53:10.800,370.79822707344533,0.09378166132032424
2022-02-22 07:53:10.900,370.80782301485146,0.05338539126015655
2022-02-22 07:53:11.000,370.82966664054476,0.03724244889907215
2022-02-22 07:53:11.100,370.8515104672341,0.05448853090330111
2022-02-22 07:53:11.200,370.87070300852326,0.0859127464349732
2022-02-22 07:53:11.300,370.8802994074464,0.041880783182743846
2022-02-22 07:53:11.400,370.87499697943946,0.06230569797378086
2022-02-22 07:53:11.500,370.88724467737137,0.016822603841260723
2022-02-22 07:53:11.600,370.8968413146205,0.022405356502408078
2022-02-22 07:53:11.700,370.9011362913013,0.043920382511995495
2022-02-22 07:53:11.800,370.9176797303334,0.05085272854036448
2022-02-22 07:53:11.900,370.91502933273654,0.04101219330881976
2022-02-22 07:53:12.000,370.93422391918955,0.041
2022-02-22 07:53:12.100,370.93852136206954,0.04574931693479149
2022-02-22 07:53:12.200,370.9315737944458,0.037682887362833546
2022-02-22 07:53:12.300,370.95771673243377,0.041785164831552354
2022-02-22 07:53:12.400,370.95771673243377,0.03672873534441391
2022-02-22 07:53:12.500,370.96731454603355,0.05209606511052442
2022-02-22 07:53:12.600,370.9646649650393,0.052478567053607705
2022-02-22 07:53:12.700,370.989160003804,0.06570388116390082
2022-02-22 07:53:12.800,371.0126556434877,0.07385120175054702
2022-02-22 07:53:12.900,371.0030573387228,0.021470910553583886
2022-02-22 07:53:13.000,371.02225403374246,0.03254228019054596
2022-02-22 07:53:13.100,371.02920354453744,0.02195449840010015
2022-02-22 07:53:13.200,371.0484008857957,0.034583232931581165
2022-02-22 07:53:13.300,371.07554504663057,0.10273752965688829
2022-02-22 07:53:13.400,371.08249491490517,0.03539774004085572
2022-02-22 07:53:13.500,371.10169283041864,0.03268026927673638
2022-02-22 07:53:13.600,371.1235397055068,0.05767148342118486
2022-02-22 07:53:13.700,371.13049034039676,0.030479501308256343
2022-02-22 07:53:13.800,371.1400896794435,0.04846648326421054
2022-02-22 07:53:13.900,371.16888820667805,0.05177837386399847
2022-02-22 07:53:14.000,371.1933840617201,0.07559100475585703
2022-02-22 07:53:14.100,371.20463956081215,0.07103520254071216
2022-02-22 07:53:14.200,371.2019918279591,0.0620403094769844
2022-02-22 07:53:14.300,371.211591981004,0.047968739820845825
2022-02-22 07:53:14.400,371.2360877333923,0.03638681079732051
2022-02-22 07:53:14.600,371.27283198222807,0.07259476565152614
2022-02-22 07:53:14.700,371.29203270728465,0.09458329662260669
2022-02-22 07:53:14.800,371.29203270728465,0.038626415831655936
2022-02-22 07:53:14.900,371.3016331961263,0.035
2022-02-22 07:53:15.000,371.3085861807843,0.04234383071948026
2022-02-22 07:53:15.100,371.33043517118057,0.047244047244070865
2022-02-22 07:53:15.200,371.32249322195776,0.04743416490252569
2022-02-22 07:53:15.300,371.32249322195776,0.05994163828258284
2022-02-22 07:53:15.400,371.3390484638246,0.06983552104767315
2022-02-22 07:53:15.500,371.36089786173704,0.05353503525729669
2022-02-22 07:53:15.600,371.3827474601545,0.03894868418830089
2022-02-22 07:53:15.700,371.37049923296786,0.03114482300479487
2022-02-22 07:53:15.800,371.3774540549918,0.03570714214271425
2022-02-22 07:53:15.900,371.4089055675875,0.035411862419251545
2022-02-22 07:53:16.000,371.4062591367421,0.017378147196982767
2022-02-22 07:53:16.100,371.4036128425003,0.025573423705088843
2022-02-22 07:53:16.200,371.4254629457187,0.027928480087537882
2022-02-22 07:53:16.300,371.42281678754904,0.06358458932791813
2022-02-22 07:53:16.400,371.42281678754904,0.018627936010197157
2022-02-22 07:53:16.500,371.44202107348923,0.024041630560342614
2022-02-22 07:53:16.600,371.4638715817083,0.04388621651498338
2022-02-22 07:53:16.700,371.47347395135426,0.014628738838327793
2022-02-22 07:53:16.800,371.47347395135426,0.007681145747868608
2022-02-22 07:53:16.900,371.48307640637745,0.012328828005937952
2022-02-22 07:53:17.000,371.48307640637745,0.018466185312619388
2022-02-22 07:53:17.100,371.492678944136,0.04990991885387112
2022-02-22 07:53:17.200,371.50757319652286,0.04115823125451335
2022-02-22 07:53:17.300,371.50757319652286,0.02345207879911715
2022-02-22 07:53:17.400,371.52942430304864,0.03640054944640259
2022-02-22 07:53:17.500,371.53471646690855,0.06653570470055908
2022-02-22 07:53:17.600,371.53902697515895,0.05651548460377916
2022-02-22 07:53:17.700,371.54431900258936,0.041737273509418416
2022-02-22 07:53:17.800,371.5512756085022,0.039319206502675
2022-02-22 07:53:17.900,371.5608783812957,0.048104053883222773
2022-02-22 07:53:18.000,371.5608783812957,0.029681644159311658
2022-02-22 07:53:18.100,371.5486297306501,0.038209946349085595
2022-02-22 07:53:18.200,371.57048123910994,0.03989987468652001
2022-02-22 07:53:18.300,371.5992903160648,0.0662268827591938
2022-02-22 07:53:18.400,371.5992903160648,0.047138094997570705
2022-02-22 07:53:18.500,371.5939993794985,0.033481338085566414
2022-02-22 07:53:18.600,371.5966447811239,0.04879549159502341
2022-02-22 07:53:18.700,371.6105609993192,0.07327346040688948
2022-02-22 07:53:18.800,371.6105609993192,0.030116440692751194
2022-02-22 07:53:18.900,371.6297682218958,0.030951575081084322
2022-02-22 07:53:19.000,371.6324132146678,0.03231098884280702
2022-02-22 07:53:19.100,371.6324132146678,0.01833030277982336
2022-02-22 07:53:19.200,371.6463310601867,0.019261360284258223
2022-02-22 07:53:19.300,371.65329051775353,0.041303752856126766
2022-02-22 07:53:19.400,371.66553909432383,0.033136083051561786
2022-02-22 07:53:19.500,371.66553909432383,0.0160312195418814
2022-02-22 07:53:19.600,371.6969961574166,0.05360037313302959
2022-02-22 07:53:19.700,371.6873919125807,0.02118962010041709
2022-02-22 07:53:19.800,371.7022853203359,0.04220189569201838
2022-02-22 07:53:19.900,371.70924493182906,0.045552167895721495
2022-02-22 07:53:20.000,371.70924493182906,0.018681541692269404
2022-02-22 07:53:20.100,371.7214937887196,0.00458257569495584
2022-02-22 07:53:20.200,371.72413843614225,0.033481338085566414
2022-02-22 07:53:20.300,371.73374272775743,0.0194164878389476
2022-02-22 07:53:20.400,371.7433471030306,0.011180339887498949
2022-02-22 07:53:20.500,371.7407025930813,0.024166091947189144
2022-02-22 07:53:20.600,371.75030712272877,0.026191601707417588
2022-02-22 07:53:20.700,371.76687226291193,0.03176476034853718
2022-02-22 07:53:20.800,371.7695164349724,0.01341640786499874
2022-02-22 07:53:20.900,371.7721607396899,0.03943348830626071
2022-02-22 07:53:21.000,371.7860820489036,0.046561786907291264
2022-02-22 07:53:21.100,371.80097513415444,0.05323532661682466
2022-02-22 07:53:21.200,371.81489736036013,0.051234753829797995
2022-02-22 07:53:21.300,371.81225366600637,0.0408656334834051
2022-02-22 07:53:21.400,371.81489736036013,0.01774823934929885
2022-02-22 07:53:21.500,371.8245026309195,0.03238826948140329
2022-02-22 07:53:21.600,371.8437134285534,0.022671568097509268
2022-02-22 07:53:21.700,371.8410699394651,0.06294441992742486
2022-02-22 07:53:21.800,371.8533189539798,0.022759613353482085
2022-02-22 07:53:21.900,371.8725302570451,0.033
2022-02-22 07:53:22.000,371.8629245627072,0.012206555615733703
2022-02-22 07:53:22.100,371.8847793843645,0.03336165463522455
2022-02-22 07:53:22.200,371.8917418962699,0.02670205984563738
2022-02-22 07:53:22.300,371.90399105661305,0.043703546766824315
2022-02-22 07:53:22.400,371.9135970183335,0.02539685019840059
2022-02-22 07:53:22.500,371.9328091965771,0.055308227236099336
2022-02-22 07:53:22.600,371.94770169879865,0.08570880934886448
2022-02-22 07:53:22.700,371.9546647185084,0.04649731175025068
2022-02-22 07:53:22.800,371.96427103281655,0.04608687448721165
2022-02-22 07:53:22.900,371.9669141079228,0.026419689627245814
2022-02-22 07:53:23.000,371.97652043871364,0.04863126566315131
2022-02-22 07:53:23.100,372.00533993729397,0.09732933781753578
2022-02-22 07:53:23.200,371.9914131354373,0.06845436436049933
2022-02-22 07:53:23.300,371.9957333543894,0.04565084884205331
2022-02-22 07:53:23.400,371.9861268544234,0.03672873534441391
2022-02-22 07:53:23.500,371.9957333543894,0.02202271554554524
2022-02-22 07:53:23.600,372.00533993729397,0.02596150997149434
2022-02-22 07:53:23.700,372.01758947329085,0.07153320907103218
2022-02-22 07:53:23.800,372.0271961565792,0.04141255848169731
2022-02-22 07:53:23.900,372.0079828735929,0.03204684071792414
2022-02-22 07:53:24.000,372.0271961565792,0.06256196927846822
2022-02-22 07:53:24.100,372.04208879291144,0.05088221693283421
2022-02-22 07:53:24.200,372.03944579168854,0.045661800227323496
2022-02-22 07:53:24.300,372.046409776551,0.06335613624582863
2022-02-22 07:53:24.400,372.046409776551,0.06637770710110437
2022-02-22 07:53:24.500,372.0560167132305,0.06870953354520754
2022-02-22 07:53:24.600,372.0656237334912,0.05141984052872976
2022-02-22 07:53:24.700,372.06826639571034,0.07168681887209112
2022-02-22 07:53:24.800,372.077873430763,0.09007774419910837
2022-02-22 07:53:24.900,372.0629812065698,0.04952776998815917
2022-02-22 07:53:25.000,372.05073165711997,0.04217819341792628
2022-02-22 07:53:25.100,372.0629812065698,0.045814844755821225
2022-02-22 07:53:25.200,372.05073165711997,0.022759613353482085
2022-02-22 07:53:25.300,372.0411245841971,0.019261360284258223
2022-02-22 07:53:25.400,372.0358399323688,0.04598912915026767
2022-02-22 07:53:25.500,372.0288751341667,0.024819347291981715
2022-02-22 07:53:25.600,372.0166257654596,0.06490762667052309
2022-02-22 07:53:25.700,372.0288751341667,0.026343879744638983
2022-02-22 07:53:25.800,372.0262328064621,0.03992492955535426
2022-02-22 07:53:25.900,372.03319780841366,0.04482186966202994
2022-02-22 07:53:26.000,372.01134138002783,0.028495613697550014
2022-02-22 07:53:26.100,372.02094855792745,0.028071337695236398
2022-02-22 07:53:26.200,372.01134138002783,0.023537204591879638
2022-02-22 07:53:26.300,372.01134138002783,0.04532107677449864
2022-02-22 07:53:26.400,372.01830663479285,0.06824954212300623
2022-02-22 07:53:26.500,372.0156648479405,0.03672873534441391
2022-02-22 07:53:26.600,372.00869938910193,0.0160312195418814
2022-02-22 07:53:26.700,371.9868431596111,0.05178802950489621
2022-02-22 07:53:26.800,371.9868431596111,0.028460498941515415
2022-02-22 07:53:26.900,371.9964503042464,0.029444863728670913
2022-02-22 07:53:27.000,371.9964503042464,0.03116087290176577
2022-02-22 07:53:27.100,371.99116686196766,0.03942080668885405
2022-02-22 07:53:27.200,371.99116686196766,0.027748873851023217
2022-02-22 07:53:27.300,371.98852534277984,0.026134268690743957
2022-02-22 07:53:27.400,371.98852534277984,0.03802630668366309
2022-02-22 07:53:27.500,371.9779606163233,0.05890670590009256
2022-02-22 07:53:27.600,371.9587454556956,0.04828043081829324
2022-02-22 07:53:27.700,371.9726790638565,0.012961481396815721
2022-02-22 07:53:27.800,371.9604306622726,0.018357559750685818
2022-02-22 07:53:27.900,371.95082291941156,0.04654030511288038
2022-02-22 07:53:28.000,371.9332937331992,0.06665583245298194
2022-02-22 07:53:28.100,371.9306534945673,0.042190046219457975
2022-02-22 07:53:28.200,371.93762139137607,0.045166359162544856
2022-02-22 07:53:28.300,371.9349814904467,0.043382023926967724
2022-02-22 07:53:28.400,371.9349814904467,0.008602325267042627
2022-02-22 07:53:28.500,371.9035175655579,0.04767598976424087
2022-02-22 07:53:28.600,371.9035175655579,0.04387482193696061
2022-02-22 07:53:28.700,371.90087773019957,0.01624807680927192
2022-02-22 07:53:28.800,371.8982380304594,0.03398529093593286
2022-02-22 07:53:28.900,371.8955984653456,0.015684387141358124
2022-02-22 07:53:29.000,371.8571666148251,0.07273238618387272
2022-02-22 07:53:29.100,371.8449190901906,0.08519389649499545
2022-02-22 07:53:29.200,371.8230639287437,0.08543418519538885
2022-02-22 07:53:29.300,371.81081658742096,0.04905099387372289
2022-02-22 07:53:29.400,371.79856932818,0.07744675590365292
2022-02-22 07:53:29.500,371.77671456249954,0.09080748867797193
2022-02-22 07:53:29.600,371.7714356876786,0.06315853069855251
2022-02-22 07:53:29.700,371.7784042451955,0.025729360660537215
2022-02-22 07:53:29.800,371.7757652132671,0.04428317965096906
2022-02-22 07:53:29.900,371.7635183872615,0.08023091673413683
2022-02-22 07:53:30.000,371.760879557464,0.031064449134018134
2022-02-22 07:53:30.100,371.7748186557108,0.01374772708486752
