,#Data contains:GPS time of week of the navigation epoch (ms),UTC [year:month:day:minute:second],fix Type[0-5],longitude[deg],latitude[deg],height[mm],rising edge sync signal,Temp[Â°C]#
14542,205338000,2021-03-16 09:02:00,3,11.3833228,47.3122055,2325.414,0,6.75
14543,205338100,2021-03-16 09:02:00,3,11.3833225,47.3122058,2325.416,0,6.75
14544,205338200,2021-03-16 09:02:00,3,11.3833224,47.3122058,2325.413,0,6.75
14545,205338300,2021-03-16 09:02:00,3,11.3833221,47.3122061,2325.407,0,6.75
14546,205338400,2021-03-16 09:02:00,3,11.3833222,47.3122063,2325.38,0,6.75
14547,205338500,2021-03-16 09:02:00,3,11.3833221,47.3122061,2325.391,1,6.75
14548,205338600,2021-03-16 09:02:00,3,11.3833222,47.3122062,2325.371,1,6.75
14549,205338700,2021-03-16 09:02:00,3,11.3833221,47.3122061,2325.351,1,6.75
14550,205338800,2021-03-16 09:02:00,3,11.3833224,47.312206,2325.335,1,6.75
14551,205338900,2021-03-16 09:02:00,3,11.3833222,47.3122064,2325.279,1,6.75
14552,205339000,2021-03-16 09:02:01,3,11.3833223,47.3122066,2325.283,1,6.75
14553,205339100,2021-03-16 09:02:01,3,11.3833224,47.3122065,2325.269,1,6.75
14554,205339200,2021-03-16 09:02:01,3,11.3833225,47.3122067,2325.241,1,6.75
14555,205339300,2021-03-16 09:02:01,3,11.3833226,47.3122069,2325.188,1,6.75
14556,205339400,2021-03-16 09:02:01,3,11.383323,47.3122071,2325.182,1,6.75
14557,205339500,2021-03-16 09:02:01,3,11.3833229,47.3122074,2325.088,0,6.75
14558,205339600,2021-03-16 09:02:01,3,11.3833232,47.3122075,2325.106,0,6.75
14559,205339700,2021-03-16 09:02:01,3,11.3833235,47.3122078,2325.09,0,6.75
14560,205339800,2021-03-16 09:02:01,3,11.3833234,47.3122079,2325.119,0,6.75
14561,205339900,2021-03-16 09:02:01,3,11.3833237,47.312208,2325.131,0,6.75
14562,205340000,2021-03-16 09:02:02,3,11.3833236,47.3122083,2325.116,0,6.75
14563,205340100,2021-03-16 09:02:02,3,11.3833237,47.3122083,2325.158,0,6.75
14564,205340200,2021-03-16 09:02:02,3,11.3833239,47.3122084,2325.148,0,6.75
14565,205340300,2021-03-16 09:02:02,3,11.383324,47.3122085,2325.122,0,6.75
14566,205340400,2021-03-16 09:02:02,3,11.383324,47.3122088,2325.108,0,6.75
14567,205340500,2021-03-16 09:02:02,3,11.383324,47.3122089,2325.083,1,6.75
14568,205340600,2021-03-16 09:02:02,3,11.3833241,47.312209,2325.066,1,6.75
14569,205340700,2021-03-16 09:02:02,3,11.383324,47.3122091,2325.053,1,6.75
14570,205340800,2021-03-16 09:02:02,3,11.3833241,47.3122093,2325.063,1,6.75
14571,205340900,2021-03-16 09:02:02,3,11.383324,47.3122095,2325.075,1,6.75
14572,205341000,2021-03-16 09:02:03,3,11.3833241,47.3122094,2325.056,1,6.75
14573,205341100,2021-03-16 09:02:03,3,11.3833239,47.3122097,2325.038,1,6.75
14574,205341200,2021-03-16 09:02:03,3,11.3833238,47.3122098,2325.016,1,6.75
14575,205341300,2021-03-16 09:02:03,3,11.3833236,47.3122101,2325.008,1,6.75
14576,205341400,2021-03-16 09:02:03,3,11.3833236,47.3122103,2324.964,1,6.81
14577,205341500,2021-03-16 09:02:03,3,11.3833235,47.3122104,2324.954,0,6.81
14578,205341600,2021-03-16 09:02:03,3,11.3833235,47.3122105,2324.937,0,6.81
14579,205341700,2021-03-16 09:02:03,3,11.3833233,47.3122109,2324.882,0,6.81
14580,205341800,2021-03-16 09:02:03,3,11.3833234,47.3122109,2324.878,0,6.81
14581,205341900,2021-03-16 09:02:03,3,11.3833233,47.3122111,2324.867,0,6.81
14582,205342000,2021-03-16 09:02:04,3,11.3833231,47.3122113,2324.784,0,6.81
14583,205342100,2021-03-16 09:02:04,3,11.3833233,47.3122114,2324.793,0,6.81
14584,205342200,2021-03-16 09:02:04,3,11.383323,47.3122115,2324.755,0,6.75
14585,205342300,2021-03-16 09:02:04,3,11.383323,47.3122118,2324.722,0,6.75
14586,205342400,2021-03-16 09:02:04,3,11.3833229,47.3122119,2324.689,0,6.75
14587,205342500,2021-03-16 09:02:04,3,11.3833229,47.312212,2324.679,1,6.75
14588,205342600,2021-03-16 09:02:04,3,11.3833227,47.312212,2324.617,1,6.75
14589,205342700,2021-03-16 09:02:04,3,11.3833227,47.3122121,2324.616,1,6.75
14590,205342800,2021-03-16 09:02:04,3,11.3833229,47.312212,2324.586,1,6.75
14591,205342900,2021-03-16 09:02:04,3,11.3833236,47.3122117,2324.534,1,6.81
14592,205343000,2021-03-16 09:02:05,3,11.3833235,47.3122117,2324.481,1,6.81
14593,205343100,2021-03-16 09:02:05,3,11.3833232,47.3122117,2324.406,1,6.81
14594,205343200,2021-03-16 09:02:05,3,11.3833231,47.3122116,2324.394,1,6.81
14595,205343300,2021-03-16 09:02:05,3,11.3833233,47.3122117,2324.374,1,6.81
14596,205343400,2021-03-16 09:02:05,3,11.3833234,47.3122117,2324.355,1,6.81
14597,205343500,2021-03-16 09:02:05,3,11.3833233,47.312212,2324.309,0,6.81
14598,205343600,2021-03-16 09:02:05,3,11.3833232,47.3122119,2324.274,0,6.81
14599,205343700,2021-03-16 09:02:05,3,11.3833231,47.3122121,2324.282,0,6.81
14600,205343800,2021-03-16 09:02:05,3,11.383323,47.3122124,2324.252,0,6.81
14601,205343900,2021-03-16 09:02:05,3,11.383323,47.3122124,2324.164,0,6.81
14602,205344000,2021-03-16 09:02:06,3,11.3833232,47.3122122,2324.16,0,6.81
14603,205344100,2021-03-16 09:02:06,3,11.3833237,47.312212,2324.159,0,6.81
14604,205344200,2021-03-16 09:02:06,3,11.3833237,47.312212,2324.125,0,6.81
14605,205344300,2021-03-16 09:02:06,3,11.3833237,47.3122121,2324.094,0,6.81
14606,205344400,2021-03-16 09:02:06,3,11.3833236,47.312212,2324.044,0,6.81
14607,205344500,2021-03-16 09:02:06,3,11.3833235,47.312212,2324.03,1,6.81
14608,205344600,2021-03-16 09:02:06,3,11.3833235,47.312212,2324.03,1,6.81
14609,205344700,2021-03-16 09:02:06,3,11.3833235,47.3122119,2324.014,1,6.81
14610,205344800,2021-03-16 09:02:06,3,11.3833234,47.312212,2323.976,1,6.81
14611,205344900,2021-03-16 09:02:06,3,11.3833236,47.3122118,2323.927,1,6.81
14612,205345000,2021-03-16 09:02:07,3,11.3833234,47.3122118,2323.913,1,6.81
14613,205345100,2021-03-16 09:02:07,3,11.3833235,47.3122119,2323.895,1,6.81
14614,205345200,2021-03-16 09:02:07,3,11.3833233,47.3122118,2323.833,1,6.81
14615,205345300,2021-03-16 09:02:07,3,11.3833234,47.3122116,2323.799,1,6.81
14616,205345400,2021-03-16 09:02:07,3,11.3833233,47.3122115,2323.752,1,6.81
14617,205345500,2021-03-16 09:02:07,3,11.3833232,47.3122115,2323.723,0,6.81
14618,205345600,2021-03-16 09:02:07,3,11.3833231,47.3122115,2323.678,0,6.81
14619,205345700,2021-03-16 09:02:07,3,11.3833231,47.3122117,2323.651,0,6.81
14620,205345800,2021-03-16 09:02:07,3,11.383323,47.3122115,2323.623,0,6.81
14621,205345900,2021-03-16 09:02:07,3,11.383323,47.3122115,2323.601,0,6.81
14622,205346000,2021-03-16 09:02:08,3,11.3833229,47.3122115,2323.567,0,6.81
14623,205346100,2021-03-16 09:02:08,3,11.383323,47.3122114,2323.552,0,6.81
14624,205346200,2021-03-16 09:02:08,3,11.3833229,47.3122114,2323.523,0,6.81
14625,205346300,2021-03-16 09:02:08,3,11.383323,47.3122113,2323.495,0,6.81
14626,205346400,2021-03-16 09:02:08,3,11.3833229,47.3122113,2323.461,0,6.81
14627,205346500,2021-03-16 09:02:08,3,11.3833229,47.3122112,2323.432,1,6.81
14628,205346600,2021-03-16 09:02:08,3,11.3833228,47.3122112,2323.381,1,6.81
14629,205346700,2021-03-16 09:02:08,3,11.3833229,47.3122108,2323.362,1,6.81
14630,205346800,2021-03-16 09:02:08,3,11.3833229,47.312211,2323.332,1,6.81
14631,205346900,2021-03-16 09:02:08,3,11.3833229,47.3122109,2323.301,1,6.81
14632,205347000,2021-03-16 09:02:09,3,11.3833228,47.3122107,2323.274,1,6.81
14633,205347100,2021-03-16 09:02:09,3,11.3833229,47.3122105,2323.27,1,6.81
14634,205347200,2021-03-16 09:02:09,3,11.3833231,47.3122104,2323.204,1,6.81
14635,205347300,2021-03-16 09:02:09,3,11.3833231,47.3122104,2323.212,1,6.81
14636,205347400,2021-03-16 09:02:09,3,11.3833232,47.3122103,2323.219,1,6.81
14637,205347500,2021-03-16 09:02:09,3,11.3833234,47.3122102,2323.207,0,6.81
14638,205347600,2021-03-16 09:02:09,3,11.3833236,47.31221,2323.205,0,6.81
14639,205347700,2021-03-16 09:02:09,3,11.3833235,47.31221,2323.168,0,6.81
14640,205347800,2021-03-16 09:02:09,3,11.3833237,47.3122099,2323.153,0,6.81
14641,205347900,2021-03-16 09:02:09,3,11.3833239,47.3122098,2323.154,0,6.81
14642,205348000,2021-03-16 09:02:10,3,11.3833239,47.3122098,2323.143,0,6.81
14643,205348100,2021-03-16 09:02:10,3,11.383324,47.3122096,2323.139,0,6.81
14644,205348200,2021-03-16 09:02:10,3,11.3833241,47.3122096,2323.115,0,6.81
14645,205348300,2021-03-16 09:02:10,3,11.3833242,47.3122095,2323.109,0,6.81
14646,205348400,2021-03-16 09:02:10,3,11.3833242,47.3122096,2323.1,0,6.81
14647,205348500,2021-03-16 09:02:10,3,11.3833244,47.3122094,2323.116,1,6.81
14648,205348600,2021-03-16 09:02:10,3,11.3833244,47.3122094,2323.11,1,6.81
14649,205348700,2021-03-16 09:02:10,3,11.3833245,47.3122095,2323.079,1,6.81
14650,205348800,2021-03-16 09:02:10,3,11.3833243,47.3122095,2323.06,1,6.81
14651,205348900,2021-03-16 09:02:10,3,11.3833245,47.3122094,2323.061,1,6.81
14652,205349000,2021-03-16 09:02:11,3,11.3833243,47.3122095,2323.045,1,6.81
14653,205349100,2021-03-16 09:02:11,3,11.3833246,47.3122095,2323.012,1,6.81
14654,205349200,2021-03-16 09:02:11,3,11.3833245,47.3122095,2322.992,1,6.81
14655,205349300,2021-03-16 09:02:11,3,11.3833247,47.3122094,2322.984,1,6.81
14656,205349400,2021-03-16 09:02:11,3,11.3833244,47.3122096,2322.927,1,6.81
14657,205349500,2021-03-16 09:02:11,3,11.3833243,47.3122096,2322.944,0,6.81
14658,205349600,2021-03-16 09:02:11,3,11.3833238,47.3122097,2322.987,0,6.81
14659,205349700,2021-03-16 09:02:11,3,11.3833233,47.3122099,2323.109,0,6.81
14660,205349800,2021-03-16 09:02:11,3,11.3833217,47.3122105,2323.169,0,6.81
14661,205349900,2021-03-16 09:02:11,3,11.3833205,47.3122111,2323.219,0,6.81
14662,205350000,2021-03-16 09:02:12,3,11.3833197,47.3122113,2323.091,0,6.81
14663,205350100,2021-03-16 09:02:12,3,11.3833193,47.3122107,2323.077,0,6.81
14664,205350200,2021-03-16 09:02:12,3,11.383319,47.3122103,2323.059,0,6.81
14665,205350300,2021-03-16 09:02:12,3,11.3833191,47.3122099,2322.972,0,6.81
14666,205350400,2021-03-16 09:02:12,3,11.3833186,47.3122099,2322.904,0,6.81
14667,205350500,2021-03-16 09:02:12,3,11.3833183,47.3122095,2322.833,1,6.81
14668,205350600,2021-03-16 09:02:12,3,11.3833179,47.3122098,2322.808,1,6.81
14669,205350700,2021-03-16 09:02:12,3,11.3833181,47.3122096,2322.782,1,6.81
14670,205350800,2021-03-16 09:02:12,3,11.3833181,47.3122095,2322.751,1,6.81
14671,205350900,2021-03-16 09:02:12,3,11.3833183,47.3122093,2322.762,1,6.81
14672,205351000,2021-03-16 09:02:13,3,11.3833183,47.3122095,2322.749,1,6.81
14673,205351100,2021-03-16 09:02:13,3,11.3833181,47.3122095,2322.712,1,6.81
14674,205351200,2021-03-16 09:02:13,3,11.3833181,47.3122094,2322.684,1,6.87
14675,205351300,2021-03-16 09:02:13,3,11.3833184,47.3122093,2322.653,1,6.87
14676,205351400,2021-03-16 09:02:13,3,11.3833184,47.3122093,2322.627,1,6.87
14677,205351500,2021-03-16 09:02:13,3,11.3833183,47.3122094,2322.604,0,6.87
14678,205351600,2021-03-16 09:02:13,3,11.3833183,47.3122094,2322.578,0,6.87
14679,205351700,2021-03-16 09:02:13,3,11.3833185,47.3122095,2322.537,0,6.87
14680,205351800,2021-03-16 09:02:13,3,11.3833185,47.3122095,2322.518,0,6.87
14681,205351900,2021-03-16 09:02:13,3,11.3833187,47.3122093,2322.482,0,6.87
14682,205352000,2021-03-16 09:02:14,3,11.383319,47.3122092,2322.45,0,6.87
14683,205352100,2021-03-16 09:02:14,3,11.3833191,47.3122089,2322.424,0,6.87
14684,205352200,2021-03-16 09:02:14,3,11.3833193,47.3122087,2322.386,0,6.87
14685,205352300,2021-03-16 09:02:14,3,11.3833193,47.3122084,2322.368,0,6.87
14686,205352400,2021-03-16 09:02:14,3,11.3833196,47.3122081,2322.326,0,6.87
14687,205352500,2021-03-16 09:02:14,3,11.3833195,47.3122077,2322.308,1,6.87
14688,205352600,2021-03-16 09:02:14,3,11.3833197,47.3122076,2322.279,1,6.87
14689,205352700,2021-03-16 09:02:14,3,11.3833196,47.3122074,2322.283,1,6.81
14690,205352800,2021-03-16 09:02:14,3,11.3833194,47.3122075,2322.268,1,6.81
14691,205352900,2021-03-16 09:02:14,3,11.3833191,47.3122074,2322.26,1,6.81
14692,205353000,2021-03-16 09:02:15,3,11.383319,47.3122072,2322.238,1,6.81
14693,205353100,2021-03-16 09:02:15,3,11.3833192,47.3122071,2322.227,1,6.81
14694,205353200,2021-03-16 09:02:15,3,11.3833191,47.3122071,2322.174,1,6.81
14695,205353300,2021-03-16 09:02:15,3,11.3833192,47.3122073,2322.156,1,6.81
14696,205353400,2021-03-16 09:02:15,3,11.3833191,47.3122075,2322.105,1,6.81
14697,205353500,2021-03-16 09:02:15,3,11.383319,47.3122075,2322.083,0,6.81
14698,205353600,2021-03-16 09:02:15,3,11.3833191,47.3122077,2322.047,0,6.81
14699,205353700,2021-03-16 09:02:15,3,11.3833193,47.3122076,2321.997,0,6.81
14700,205353800,2021-03-16 09:02:15,3,11.3833193,47.3122079,2321.958,0,6.81
14701,205353900,2021-03-16 09:02:15,3,11.3833195,47.3122081,2321.926,0,6.81
14702,205354000,2021-03-16 09:02:16,3,11.3833193,47.3122084,2321.885,0,6.81
14703,205354100,2021-03-16 09:02:16,3,11.3833195,47.3122084,2321.852,0,6.81
14704,205354200,2021-03-16 09:02:16,3,11.3833194,47.3122087,2321.84,0,6.81
14705,205354300,2021-03-16 09:02:16,3,11.3833199,47.3122087,2321.827,0,6.81
14706,205354400,2021-03-16 09:02:16,3,11.3833199,47.3122089,2321.789,0,6.81
14707,205354500,2021-03-16 09:02:16,3,11.3833199,47.3122093,2321.755,1,6.81
14708,205354600,2021-03-16 09:02:16,3,11.3833199,47.3122094,2321.723,1,6.81
14709,205354700,2021-03-16 09:02:16,3,11.38332,47.3122097,2321.696,1,6.81
14710,205354800,2021-03-16 09:02:16,3,11.38332,47.31221,2321.656,1,6.81
14711,205354900,2021-03-16 09:02:16,3,11.3833201,47.3122102,2321.625,1,6.81
14712,205355000,2021-03-16 09:02:17,3,11.3833204,47.3122103,2321.596,1,6.81
14713,205355100,2021-03-16 09:02:17,3,11.3833203,47.3122105,2321.531,1,6.81
14714,205355200,2021-03-16 09:02:17,3,11.3833205,47.3122105,2321.521,1,6.81
14715,205355300,2021-03-16 09:02:17,3,11.3833206,47.3122107,2321.489,1,6.81
14716,205355400,2021-03-16 09:02:17,3,11.3833206,47.3122106,2321.466,1,6.81
14717,205355500,2021-03-16 09:02:17,3,11.3833209,47.3122106,2321.457,0,6.81
14718,205355600,2021-03-16 09:02:17,3,11.3833209,47.3122106,2321.438,0,6.81
14719,205355700,2021-03-16 09:02:17,3,11.3833207,47.3122108,2321.402,0,6.81
14720,205355800,2021-03-16 09:02:17,3,11.3833208,47.3122108,2321.39,0,6.81
14721,205355900,2021-03-16 09:02:17,3,11.3833207,47.3122111,2321.339,0,6.81
14722,205356000,2021-03-16 09:02:18,3,11.3833207,47.3122111,2321.324,0,6.81
14723,205356100,2021-03-16 09:02:18,3,11.3833205,47.3122111,2321.281,0,6.81
14724,205356200,2021-03-16 09:02:18,3,11.3833202,47.3122113,2321.261,0,6.81
14725,205356300,2021-03-16 09:02:18,3,11.3833198,47.3122112,2321.252,0,6.81
14726,205356400,2021-03-16 09:02:18,3,11.3833196,47.3122111,2321.282,0,6.81
14727,205356500,2021-03-16 09:02:18,3,11.3833191,47.3122114,2321.259,1,6.81
14728,205356600,2021-03-16 09:02:18,3,11.3833188,47.3122115,2321.218,1,6.81
14729,205356700,2021-03-16 09:02:18,3,11.3833187,47.3122112,2321.191,1,6.81
14730,205356800,2021-03-16 09:02:18,3,11.3833188,47.3122111,2321.238,1,6.81
14731,205356900,2021-03-16 09:02:18,3,11.3833189,47.3122113,2321.358,1,6.81
14732,205357000,2021-03-16 09:02:19,3,11.3833187,47.3122105,2321.476,1,6.81
14733,205357100,2021-03-16 09:02:19,3,11.3833179,47.3122105,2321.445,1,6.81
14734,205357200,2021-03-16 09:02:19,3,11.3833178,47.3122099,2321.573,1,6.81
14735,205357300,2021-03-16 09:02:19,3,11.3833177,47.3122098,2321.652,1,6.81
14736,205357400,2021-03-16 09:02:19,3,11.3833173,47.3122098,2321.66,1,6.81
14737,205357500,2021-03-16 09:02:19,3,11.383317,47.3122104,2321.7,0,6.81
14738,205357600,2021-03-16 09:02:19,3,11.3833178,47.3122105,2321.736,0,6.81
14739,205357700,2021-03-16 09:02:19,3,11.3833182,47.3122108,2321.749,0,6.81
14740,205357800,2021-03-16 09:02:19,3,11.3833192,47.3122109,2321.685,0,6.81
14741,205357900,2021-03-16 09:02:19,3,11.3833192,47.3122113,2321.507,0,6.81
14742,205358000,2021-03-16 09:02:20,3,11.3833192,47.312211,2321.46,0,6.87
14743,205358100,2021-03-16 09:02:20,3,11.3833183,47.3122109,2321.464,0,6.87
14744,205358200,2021-03-16 09:02:20,3,11.3833186,47.3122106,2321.469,0,6.87
14745,205358300,2021-03-16 09:02:20,3,11.3833196,47.3122099,2321.483,0,6.87
14746,205358400,2021-03-16 09:02:20,3,11.38332,47.3122091,2321.433,0,6.87
14747,205358500,2021-03-16 09:02:20,3,11.3833204,47.3122081,2321.38,1,6.87
14748,205358600,2021-03-16 09:02:20,3,11.3833212,47.312207,2321.301,1,6.87
14749,205358700,2021-03-16 09:02:20,3,11.3833222,47.312205,2321.181,1,6.81
14750,205358800,2021-03-16 09:02:20,3,11.3833224,47.3122028,2321.073,1,6.81
14751,205358900,2021-03-16 09:02:20,3,11.3833221,47.3122013,2320.998,1,6.81
14752,205359000,2021-03-16 09:02:21,3,11.3833235,47.3121978,2320.886,1,6.81
14753,205359100,2021-03-16 09:02:21,3,11.3833235,47.3121946,2320.756,1,6.81
14754,205359200,2021-03-16 09:02:21,3,11.3833235,47.3121913,2320.606,1,6.81
14755,205359300,2021-03-16 09:02:21,3,11.3833238,47.312188,2320.452,1,6.81
14756,205359400,2021-03-16 09:02:21,3,11.3833243,47.3121846,2320.336,1,6.81
14757,205359500,2021-03-16 09:02:21,3,11.3833232,47.3121805,2320.154,0,6.81
14758,205359600,2021-03-16 09:02:21,3,11.3833224,47.3121768,2319.964,0,6.81
14759,205359700,2021-03-16 09:02:21,3,11.3833218,47.3121728,2319.788,0,6.81
14760,205359800,2021-03-16 09:02:21,3,11.3833217,47.3121685,2319.601,0,6.81
14761,205359900,2021-03-16 09:02:21,3,11.3833226,47.3121631,2319.281,0,6.81
14762,205360000,2021-03-16 09:02:22,3,11.3833233,47.3121584,2318.94,0,6.81
14763,205360100,2021-03-16 09:02:22,3,11.3833214,47.3121536,2318.428,0,6.81
14764,205360200,2021-03-16 09:02:22,3,11.3833187,47.3121493,2317.984,0,6.81
14765,205360300,2021-03-16 09:02:22,3,11.3833159,47.3121445,2317.544,0,6.81
14766,205360400,2021-03-16 09:02:22,3,11.3833137,47.3121391,2317.159,0,6.81
14767,205360500,2021-03-16 09:02:22,3,11.3833099,47.3121349,2316.625,1,6.81
14768,205360600,2021-03-16 09:02:22,3,11.3833065,47.3121316,2316.056,1,6.81
14769,205360700,2021-03-16 09:02:22,3,11.3833039,47.3121288,2315.58,1,6.81
14770,205360800,2021-03-16 09:02:22,3,11.3833005,47.3121253,2314.987,1,6.81
14771,205360900,2021-03-16 09:02:22,3,11.3832979,47.3121211,2314.565,1,6.81
14772,205361000,2021-03-16 09:02:23,3,11.3832954,47.312117,2314.226,1,6.75
14773,205361100,2021-03-16 09:02:23,3,11.3832919,47.3121127,2313.839,1,6.75
14774,205361200,2021-03-16 09:02:23,3,11.3832885,47.3121082,2313.435,1,6.75
14775,205361300,2021-03-16 09:02:23,3,11.3832848,47.3121035,2313.069,1,6.75
14776,205361400,2021-03-16 09:02:23,3,11.3832811,47.3120979,2312.68,1,6.75
14777,205361500,2021-03-16 09:02:23,3,11.3832762,47.3120921,2312.303,0,6.75
14778,205361600,2021-03-16 09:02:23,3,11.3832715,47.3120863,2311.932,0,6.75
14779,205361700,2021-03-16 09:02:23,3,11.3832658,47.3120809,2311.613,0,6.69
14780,205361800,2021-03-16 09:02:23,3,11.3832574,47.3120743,2311.139,0,6.69
14781,205361900,2021-03-16 09:02:23,3,11.3832505,47.3120687,2310.677,0,6.69
14782,205362000,2021-03-16 09:02:24,3,11.3832471,47.3120628,2310.23,0,6.69
14783,205362100,2021-03-16 09:02:24,3,11.3832411,47.3120562,2309.817,0,6.69
14784,205362200,2021-03-16 09:02:24,3,11.3832358,47.3120501,2309.477,0,6.69
14785,205362300,2021-03-16 09:02:24,3,11.3832314,47.3120432,2309.1,0,6.69
14786,205362400,2021-03-16 09:02:24,3,11.3832276,47.3120374,2308.627,0,6.69
14787,205362500,2021-03-16 09:02:24,3,11.3832241,47.3120315,2308.218,1,6.62
14788,205362600,2021-03-16 09:02:24,3,11.38322,47.3120266,2307.657,1,6.62
14789,205362700,2021-03-16 09:02:24,3,11.3832161,47.3120193,2307.245,1,6.62
14790,205362800,2021-03-16 09:02:24,3,11.3832129,47.3120114,2306.456,1,6.62
14791,205362900,2021-03-16 09:02:24,3,11.3832091,47.3120046,2305.705,1,6.62
14792,205363000,2021-03-16 09:02:25,3,11.3832058,47.3119989,2305.016,1,6.62
14793,205363100,2021-03-16 09:02:25,3,11.3832014,47.3119928,2304.377,1,6.62
14794,205363200,2021-03-16 09:02:25,3,11.3831976,47.3119868,2303.83,1,6.56
14795,205363300,2021-03-16 09:02:25,3,11.3831936,47.3119805,2303.3,1,6.56
14796,205363400,2021-03-16 09:02:25,3,11.3831895,47.3119743,2302.729,1,6.56
14797,205363500,2021-03-16 09:02:25,3,11.3831849,47.3119682,2302.232,0,6.56
14798,205363600,2021-03-16 09:02:25,3,11.3831804,47.3119617,2301.743,0,6.56
14799,205363700,2021-03-16 09:02:25,3,11.3831758,47.3119561,2301.163,0,6.56
14800,205363800,2021-03-16 09:02:25,3,11.3831704,47.3119496,2300.613,0,6.56
14801,205363900,2021-03-16 09:02:25,3,11.3831643,47.311944,2299.784,0,6.56
14802,205364000,2021-03-16 09:02:26,3,11.383158,47.3119374,2299.083,0,6.5
14803,205364100,2021-03-16 09:02:26,3,11.3831519,47.3119307,2298.509,0,6.5
14804,205364200,2021-03-16 09:02:26,3,11.3831457,47.3119235,2297.924,0,6.5
14805,205364300,2021-03-16 09:02:26,3,11.3831412,47.3119178,2297.42,0,6.5
14806,205364400,2021-03-16 09:02:26,3,11.3831361,47.3119117,2296.972,0,6.5
14807,205364500,2021-03-16 09:02:26,3,11.3831309,47.3119062,2296.343,1,6.5
14808,205364600,2021-03-16 09:02:26,3,11.3831255,47.3119002,2295.745,1,6.5
14809,205364700,2021-03-16 09:02:26,3,11.3831196,47.3118933,2295.226,1,6.44
14810,205364800,2021-03-16 09:02:26,3,11.3831136,47.3118864,2294.694,1,6.44
14811,205364900,2021-03-16 09:02:26,3,11.3831078,47.3118793,2294.055,1,6.44
14812,205365000,2021-03-16 09:02:27,3,11.3831026,47.3118716,2293.496,1,6.44
14813,205365100,2021-03-16 09:02:27,3,11.3830961,47.3118656,2292.789,1,6.44
14814,205365200,2021-03-16 09:02:27,3,11.3830911,47.3118591,2292.246,1,6.44
14815,205365300,2021-03-16 09:02:27,3,11.3830866,47.3118541,2291.626,1,6.44
14816,205365400,2021-03-16 09:02:27,3,11.3830819,47.3118481,2291.124,1,6.44
14817,205365500,2021-03-16 09:02:27,3,11.3830764,47.311843,2290.198,0,6.44
14818,205365600,2021-03-16 09:02:27,3,11.3830718,47.3118367,2289.585,0,6.44
14819,205365700,2021-03-16 09:02:27,3,11.383067,47.3118299,2288.987,0,6.44
14820,205365800,2021-03-16 09:02:27,3,11.3830637,47.3118251,2288.082,0,6.44
14821,205365900,2021-03-16 09:02:27,3,11.3830596,47.3118187,2287.508,0,6.44
14822,205366000,2021-03-16 09:02:28,3,11.3830558,47.3118116,2287.047,0,6.44
14823,205366100,2021-03-16 09:02:28,3,11.3830534,47.3118059,2286.488,0,6.44
14824,205366200,2021-03-16 09:02:28,3,11.3830526,47.3118003,2286.015,0,6.44
14825,205366300,2021-03-16 09:02:28,3,11.3830493,47.3117934,2285.534,0,6.44
14826,205366400,2021-03-16 09:02:28,3,11.3830462,47.3117869,2284.994,0,6.44
14827,205366500,2021-03-16 09:02:28,3,11.3830459,47.3117829,2283.988,1,6.44
14828,205366600,2021-03-16 09:02:28,3,11.3830436,47.3117773,2283.362,1,6.44
14829,205366700,2021-03-16 09:02:28,3,11.383043,47.3117719,2282.741,1,6.44
14830,205366800,2021-03-16 09:02:28,3,11.3830404,47.3117668,2282.066,1,6.44
14831,205366900,2021-03-16 09:02:28,3,11.3830387,47.3117612,2281.51,1,6.44
14832,205367000,2021-03-16 09:02:29,3,11.3830369,47.3117557,2280.972,1,6.44
14833,205367100,2021-03-16 09:02:29,3,11.3830366,47.3117501,2280.391,1,6.44
14834,205367200,2021-03-16 09:02:29,3,11.3830339,47.3117438,2279.839,1,6.44
14835,205367300,2021-03-16 09:02:29,3,11.3830295,47.3117368,2279.401,1,6.44
14836,205367400,2021-03-16 09:02:29,3,11.3830266,47.3117288,2278.912,1,6.44
14837,205367500,2021-03-16 09:02:29,3,11.3830237,47.3117217,2278.478,0,6.44
14838,205367600,2021-03-16 09:02:29,3,11.3830198,47.3117139,2277.976,0,6.44
14839,205367700,2021-03-16 09:02:29,3,11.3830172,47.311707,2277.465,0,6.37
14840,205367800,2021-03-16 09:02:29,3,11.3830151,47.3117002,2276.842,0,6.37
14841,205367900,2021-03-16 09:02:29,3,11.3830127,47.3116928,2276.257,0,6.37
14842,205368000,2021-03-16 09:02:30,3,11.3830108,47.3116848,2275.722,0,6.37
14843,205368100,2021-03-16 09:02:30,3,11.3830098,47.3116775,2275.161,0,6.37
14844,205368200,2021-03-16 09:02:30,3,11.3830083,47.3116715,2274.569,0,6.37
14845,205368300,2021-03-16 09:02:30,3,11.3830048,47.3116646,2274.062,0,6.37
14846,205368400,2021-03-16 09:02:30,3,11.3830024,47.3116576,2273.538,0,6.37
14847,205368500,2021-03-16 09:02:30,3,11.3830006,47.3116518,2272.81,1,6.31
14848,205368600,2021-03-16 09:02:30,3,11.3829983,47.3116456,2272.176,1,6.31
14849,205368700,2021-03-16 09:02:30,3,11.3829959,47.3116393,2271.638,1,6.31
14850,205368800,2021-03-16 09:02:30,3,11.382994,47.3116321,2271.187,1,6.31
14851,205368900,2021-03-16 09:02:30,3,11.3829941,47.3116271,2270.556,1,6.31
14852,205369000,2021-03-16 09:02:31,3,11.382993,47.3116205,2270.2,1,6.31
14853,205369100,2021-03-16 09:02:31,3,11.3829912,47.3116124,2269.738,1,6.31
14854,205369200,2021-03-16 09:02:31,3,11.382989,47.3116051,2269.178,1,6.31
14855,205369300,2021-03-16 09:02:31,3,11.3829875,47.3115989,2268.627,1,6.31
14856,205369400,2021-03-16 09:02:31,3,11.3829861,47.3115921,2268.167,1,6.31
14857,205369500,2021-03-16 09:02:31,3,11.3829845,47.3115866,2267.577,0,6.31
14858,205369600,2021-03-16 09:02:31,3,11.3829829,47.3115809,2266.907,0,6.31
14859,205369700,2021-03-16 09:02:31,3,11.3829806,47.3115744,2266.449,0,6.31
14860,205369800,2021-03-16 09:02:31,3,11.3829785,47.3115673,2266.06,0,6.31
14861,205369900,2021-03-16 09:02:31,3,11.3829765,47.3115608,2265.455,0,6.31
14862,205370000,2021-03-16 09:02:32,3,11.3829758,47.3115548,2264.729,0,6.31
14863,205370100,2021-03-16 09:02:32,3,11.382974,47.311549,2264.093,0,6.31
14864,205370200,2021-03-16 09:02:32,3,11.3829721,47.3115431,2263.5,0,6.31
14865,205370300,2021-03-16 09:02:32,3,11.3829704,47.3115365,2263.083,0,6.31
14866,205370400,2021-03-16 09:02:32,3,11.3829685,47.3115308,2262.547,0,6.31
14867,205370500,2021-03-16 09:02:32,3,11.3829664,47.3115238,2262.094,1,6.31
14868,205370600,2021-03-16 09:02:32,3,11.3829639,47.3115178,2261.456,1,6.31
14869,205370700,2021-03-16 09:02:32,3,11.3829617,47.3115117,2260.934,1,6.25
14870,205370800,2021-03-16 09:02:32,3,11.3829602,47.3115059,2260.385,1,6.25
14871,205370900,2021-03-16 09:02:32,3,11.3829576,47.3115002,2259.56,1,6.25
14872,205371000,2021-03-16 09:02:33,3,11.3829551,47.3114952,2258.404,1,6.25
14873,205371100,2021-03-16 09:02:33,3,11.3829518,47.3114903,2257.378,1,6.25
14874,205371200,2021-03-16 09:02:33,3,11.3829493,47.3114836,2256.951,1,6.25
14875,205371300,2021-03-16 09:02:33,3,11.3829468,47.311477,2256.465,1,6.25
14876,205371400,2021-03-16 09:02:33,3,11.3829438,47.3114711,2256.013,1,6.25
14877,205371500,2021-03-16 09:02:33,3,11.3829411,47.3114648,2255.506,0,6.25
14878,205371600,2021-03-16 09:02:33,3,11.3829379,47.3114578,2255.125,0,6.25
14879,205371700,2021-03-16 09:02:33,3,11.382934,47.3114498,2254.913,0,6.25
14880,205371800,2021-03-16 09:02:33,3,11.3829312,47.3114418,2254.715,0,6.25
14881,205371900,2021-03-16 09:02:33,3,11.3829279,47.3114348,2254.183,0,6.25
14882,205372000,2021-03-16 09:02:34,3,11.3829255,47.3114289,2253.571,0,6.25
14883,205372100,2021-03-16 09:02:34,3,11.3829237,47.3114231,2253.06,0,6.25
14884,205372200,2021-03-16 09:02:34,3,11.3829223,47.311418,2252.403,0,6.19
14885,205372300,2021-03-16 09:02:34,3,11.3829218,47.3114127,2251.803,0,6.19
14886,205372400,2021-03-16 09:02:34,3,11.3829216,47.3114069,2251.23,0,6.19
14887,205372500,2021-03-16 09:02:34,3,11.3829196,47.3114016,2250.829,1,6.19
14888,205372600,2021-03-16 09:02:34,3,11.3829176,47.3113961,2250.374,1,6.19
14889,205372700,2021-03-16 09:02:34,3,11.3829154,47.3113915,2249.748,1,6.19
14890,205372800,2021-03-16 09:02:34,3,11.3829136,47.3113887,2248.863,1,6.19
14891,205372900,2021-03-16 09:02:34,3,11.3829124,47.3113841,2248.28,1,6.19
14892,205373000,2021-03-16 09:02:35,3,11.3829105,47.3113787,2247.765,1,6.19
14893,205373100,2021-03-16 09:02:35,3,11.3829079,47.3113728,2247.161,1,6.19
14894,205373200,2021-03-16 09:02:35,3,11.3829055,47.3113668,2246.715,1,6.19
14895,205373300,2021-03-16 09:02:35,3,11.3829037,47.3113611,2246.473,1,6.19
14896,205373400,2021-03-16 09:02:35,3,11.3829022,47.3113567,2246.202,1,6.19
14897,205373500,2021-03-16 09:02:35,3,11.3829,47.3113517,2245.788,0,6.19
14898,205373600,2021-03-16 09:02:35,3,11.3828968,47.3113471,2245.517,0,6.19
14899,205373700,2021-03-16 09:02:35,3,11.3828944,47.3113431,2245.092,0,6.19
14900,205373800,2021-03-16 09:02:35,3,11.3828915,47.31134,2244.383,0,6.12
14901,205373900,2021-03-16 09:02:35,3,11.3828892,47.3113353,2244.163,0,6.12
14902,205374000,2021-03-16 09:02:36,3,11.3828872,47.3113309,2243.777,0,6.12
14903,205374100,2021-03-16 09:02:36,3,11.3828842,47.3113263,2243.255,0,6.12
14904,205374200,2021-03-16 09:02:36,3,11.3828808,47.3113245,2242.601,0,6.12
14905,205374300,2021-03-16 09:02:36,3,11.3828787,47.3113216,2242.049,0,6.12
14906,205374400,2021-03-16 09:02:36,3,11.3828763,47.3113183,2241.537,0,6.12
14907,205374500,2021-03-16 09:02:36,3,11.3828738,47.3113146,2240.838,1,6.12
14908,205374600,2021-03-16 09:02:36,3,11.3828714,47.3113097,2240.212,1,6.12
14909,205374700,2021-03-16 09:02:36,3,11.3828681,47.3113033,2239.716,1,6.12
14910,205374800,2021-03-16 09:02:36,3,11.3828647,47.3112994,2239.106,1,6.12
14911,205374900,2021-03-16 09:02:36,3,11.3828623,47.311296,2238.486,1,6.12
14912,205375000,2021-03-16 09:02:37,3,11.382859,47.3112908,2238.017,1,6.12
14913,205375100,2021-03-16 09:02:37,3,11.3828556,47.3112882,2237.413,1,6.12
14914,205375200,2021-03-16 09:02:37,3,11.3828526,47.311283,2237.037,1,6.12
14915,205375300,2021-03-16 09:02:37,3,11.3828489,47.311279,2236.45,1,6.06
14916,205375400,2021-03-16 09:02:37,3,11.3828448,47.3112756,2235.755,1,6.06
14917,205375500,2021-03-16 09:02:37,3,11.3828412,47.3112731,2235.003,0,6.06
14918,205375600,2021-03-16 09:02:37,3,11.3828382,47.3112701,2234.228,0,6.06
14919,205375700,2021-03-16 09:02:37,3,11.3828347,47.3112682,2233.474,0,6.06
14920,205375800,2021-03-16 09:02:37,3,11.3828306,47.311265,2232.764,0,6.06
14921,205375900,2021-03-16 09:02:37,3,11.3828268,47.3112616,2232.205,0,6.06
14922,205376000,2021-03-16 09:02:38,3,11.3828221,47.3112582,2231.684,0,6.06
14923,205376100,2021-03-16 09:02:38,3,11.382816,47.3112539,2231.115,0,6.06
14924,205376200,2021-03-16 09:02:38,3,11.3828112,47.31125,2230.442,0,6.06
14925,205376300,2021-03-16 09:02:38,3,11.3828066,47.3112465,2229.763,0,6.06
14926,205376400,2021-03-16 09:02:38,3,11.382805,47.3112454,2228.986,0,6.06
14927,205376500,2021-03-16 09:02:38,3,11.382805,47.3112424,2228.294,1,6.06
14928,205376600,2021-03-16 09:02:38,3,11.3828015,47.3112376,2227.675,1,6.06
14929,205376700,2021-03-16 09:02:38,3,11.3827985,47.311229,2227.358,1,6.06
14930,205376800,2021-03-16 09:02:38,3,11.3827949,47.3112235,2226.835,1,6.06
14931,205376900,2021-03-16 09:02:38,3,11.3827921,47.311219,2226.156,1,6.06
14932,205377000,2021-03-16 09:02:39,3,11.3827893,47.3112118,2225.718,1,6.06
14933,205377100,2021-03-16 09:02:39,3,11.3827863,47.3112059,2225.275,1,6.06
14934,205377200,2021-03-16 09:02:39,3,11.3827834,47.3112017,2224.723,1,6.06
14935,205377300,2021-03-16 09:02:39,3,11.3827798,47.3111972,2224.152,1,6.06
14936,205377400,2021-03-16 09:02:39,3,11.382776,47.31119,2223.677,1,6.06
14937,205377500,2021-03-16 09:02:39,3,11.3827736,47.311182,2223.34,0,6.0
14938,205377600,2021-03-16 09:02:39,3,11.3827698,47.3111762,2222.864,0,6.0
14939,205377700,2021-03-16 09:02:39,3,11.3827662,47.3111701,2222.398,0,6.0
14940,205377800,2021-03-16 09:02:39,3,11.3827625,47.3111632,2222.098,0,6.0
14941,205377900,2021-03-16 09:02:39,3,11.3827578,47.3111567,2221.834,0,6.0
14942,205378000,2021-03-16 09:02:40,3,11.3827524,47.31115,2221.757,0,6.0
14943,205378100,2021-03-16 09:02:40,3,11.3827482,47.3111453,2221.247,0,6.0
14944,205378200,2021-03-16 09:02:40,3,11.3827445,47.311141,2220.934,0,6.0
14945,205378300,2021-03-16 09:02:40,3,11.382741,47.311136,2220.611,0,6.0
14946,205378400,2021-03-16 09:02:40,3,11.3827378,47.3111307,2220.071,0,6.0
14947,205378500,2021-03-16 09:02:40,3,11.382735,47.3111235,2219.723,1,6.0
14948,205378600,2021-03-16 09:02:40,3,11.382731,47.3111184,2219.507,1,6.0
14949,205378700,2021-03-16 09:02:40,3,11.3827278,47.3111114,2219.393,1,6.0
14950,205378800,2021-03-16 09:02:40,3,11.3827256,47.3111068,2219.03,1,6.0
14951,205378900,2021-03-16 09:02:40,3,11.3827227,47.3111035,2218.483,1,6.0
14952,205379000,2021-03-16 09:02:41,3,11.3827194,47.311099,2218.105,1,6.0
14953,205379100,2021-03-16 09:02:41,3,11.3827148,47.3110928,2217.906,1,6.0
14954,205379200,2021-03-16 09:02:41,3,11.3827113,47.3110855,2218.053,1,6.0
14955,205379300,2021-03-16 09:02:41,3,11.3827079,47.3110801,2217.86,1,6.0
14956,205379400,2021-03-16 09:02:41,3,11.3827053,47.3110768,2217.319,1,6.0
14957,205379500,2021-03-16 09:02:41,3,11.3827026,47.3110734,2216.804,0,6.0
14958,205379600,2021-03-16 09:02:41,3,11.3827001,47.3110682,2216.237,0,6.0
14959,205379700,2021-03-16 09:02:41,3,11.3826978,47.3110625,2215.846,0,6.0
14960,205379800,2021-03-16 09:02:41,3,11.3826958,47.3110553,2215.969,0,5.94
14961,205379900,2021-03-16 09:02:41,3,11.382693,47.3110503,2215.725,0,5.94
14962,205380000,2021-03-16 09:02:42,3,11.38269,47.3110475,2215.244,0,5.94
14963,205380100,2021-03-16 09:02:42,3,11.3826877,47.3110426,2214.818,0,5.94
14964,205380200,2021-03-16 09:02:42,3,11.3826856,47.3110368,2214.549,0,5.94
14965,205380300,2021-03-16 09:02:42,3,11.3826842,47.3110303,2214.324,0,5.94
14966,205380400,2021-03-16 09:02:42,3,11.3826828,47.3110251,2214.068,0,5.94
14967,205380500,2021-03-16 09:02:42,3,11.3826803,47.3110231,2213.416,1,5.94
14968,205380600,2021-03-16 09:02:42,3,11.3826783,47.3110204,2212.782,1,5.94
14969,205380700,2021-03-16 09:02:42,3,11.3826762,47.3110171,2212.263,1,5.94
14970,205380800,2021-03-16 09:02:42,3,11.3826735,47.3110126,2211.88,1,5.94
14971,205380900,2021-03-16 09:02:42,3,11.3826711,47.3110084,2211.447,1,5.94
14972,205381000,2021-03-16 09:02:43,3,11.3826684,47.3110041,2211.116,1,5.94
14973,205381100,2021-03-16 09:02:43,3,11.3826656,47.3109989,2210.767,1,5.94
14974,205381200,2021-03-16 09:02:43,3,11.3826634,47.3109941,2210.539,1,5.94
14975,205381300,2021-03-16 09:02:43,3,11.3826611,47.3109903,2210.279,1,5.94
14976,205381400,2021-03-16 09:02:43,3,11.3826586,47.3109864,2209.911,1,5.94
14977,205381500,2021-03-16 09:02:43,3,11.3826568,47.3109817,2209.653,0,5.94
14978,205381600,2021-03-16 09:02:43,3,11.3826549,47.3109768,2209.507,0,5.94
14979,205381700,2021-03-16 09:02:43,3,11.382654,47.3109735,2209.265,0,5.94
14980,205381800,2021-03-16 09:02:43,3,11.382652,47.31097,2208.901,0,5.94
14981,205381900,2021-03-16 09:02:43,3,11.3826502,47.3109658,2208.648,0,5.94
14982,205382000,2021-03-16 09:02:44,3,11.3826483,47.3109622,2208.372,0,5.94
14983,205382100,2021-03-16 09:02:44,3,11.3826464,47.3109579,2208.173,0,5.94
14984,205382200,2021-03-16 09:02:44,3,11.3826448,47.3109538,2208.004,0,5.94
14985,205382300,2021-03-16 09:02:44,3,11.3826433,47.310949,2207.764,0,5.94
14986,205382400,2021-03-16 09:02:44,3,11.3826412,47.3109438,2207.673,0,5.94
14987,205382500,2021-03-16 09:02:44,3,11.3826398,47.3109405,2207.391,1,5.94
14988,205382600,2021-03-16 09:02:44,3,11.382639,47.3109372,2207.063,1,5.94
14989,205382700,2021-03-16 09:02:44,3,11.382637,47.3109338,2206.711,1,5.94
14990,205382800,2021-03-16 09:02:44,3,11.3826355,47.3109305,2206.271,1,5.94
14991,205382900,2021-03-16 09:02:44,3,11.3826339,47.3109268,2205.908,1,5.94
14992,205383000,2021-03-16 09:02:45,3,11.3826322,47.3109237,2205.474,1,5.94
14993,205383100,2021-03-16 09:02:45,3,11.3826304,47.3109197,2205.203,1,5.94
14994,205383200,2021-03-16 09:02:45,3,11.3826286,47.3109158,2205.014,1,5.94
14995,205383300,2021-03-16 09:02:45,3,11.3826262,47.3109111,2204.853,1,5.94
14996,205383400,2021-03-16 09:02:45,3,11.3826242,47.3109076,2204.581,1,5.94
14997,205383500,2021-03-16 09:02:45,3,11.3826223,47.3109041,2204.313,0,5.94
14998,205383600,2021-03-16 09:02:45,3,11.38262,47.3109002,2204.132,0,5.94
14999,205383700,2021-03-16 09:02:45,3,11.3826176,47.3108973,2203.743,0,5.94
15000,205383800,2021-03-16 09:02:45,3,11.3826152,47.3108939,2203.53,0,5.94
15001,205383900,2021-03-16 09:02:45,3,11.382613,47.3108898,2203.374,0,5.94
15002,205384000,2021-03-16 09:02:46,3,11.3826112,47.3108857,2203.307,0,5.94
15003,205384100,2021-03-16 09:02:46,3,11.3826095,47.3108835,2202.973,0,5.94
15004,205384200,2021-03-16 09:02:46,3,11.3826078,47.3108801,2202.761,0,5.94
15005,205384300,2021-03-16 09:02:46,3,11.3826062,47.3108766,2202.618,0,5.87
15006,205384400,2021-03-16 09:02:46,3,11.3826049,47.3108744,2202.388,0,5.87
15007,205384500,2021-03-16 09:02:46,3,11.3826025,47.3108697,2202.356,1,5.87
15008,205384600,2021-03-16 09:02:46,3,11.3826005,47.310867,2202.093,1,5.87
15009,205384700,2021-03-16 09:02:46,3,11.3825989,47.3108645,2201.802,1,5.87
15010,205384800,2021-03-16 09:02:46,3,11.3825971,47.3108615,2201.603,1,5.87
15011,205384900,2021-03-16 09:02:46,3,11.3825956,47.3108591,2201.321,1,5.87
15012,205385000,2021-03-16 09:02:47,3,11.3825945,47.3108559,2201.117,1,5.87
15013,205385100,2021-03-16 09:02:47,3,11.3825942,47.3108553,2200.691,1,5.87
15014,205385200,2021-03-16 09:02:47,3,11.3825933,47.3108527,2200.456,1,5.87
15015,205385300,2021-03-16 09:02:47,3,11.382592,47.3108503,2200.166,1,5.87
15016,205385400,2021-03-16 09:02:47,3,11.3825926,47.3108492,2199.806,1,5.87
15017,205385500,2021-03-16 09:02:47,3,11.3825922,47.3108473,2199.472,0,5.87
15018,205385600,2021-03-16 09:02:47,3,11.3825914,47.3108456,2199.153,0,5.87
15019,205385700,2021-03-16 09:02:47,3,11.3825892,47.310843,2198.896,0,5.87
15020,205385800,2021-03-16 09:02:47,3,11.3825876,47.3108405,2198.637,0,5.94
15021,205385900,2021-03-16 09:02:47,3,11.3825864,47.3108379,2198.438,0,5.94
15022,205386000,2021-03-16 09:02:48,3,11.3825844,47.3108359,2198.124,0,5.94
15023,205386100,2021-03-16 09:02:48,3,11.3825829,47.3108332,2197.896,0,5.94
15024,205386200,2021-03-16 09:02:48,3,11.3825817,47.3108316,2197.581,0,5.94
15025,205386300,2021-03-16 09:02:48,3,11.3825805,47.3108297,2197.292,0,5.94
15026,205386400,2021-03-16 09:02:48,3,11.3825806,47.3108291,2196.948,0,5.94
15027,205386500,2021-03-16 09:02:48,3,11.3825804,47.3108271,2196.807,1,5.87
15028,205386600,2021-03-16 09:02:48,3,11.3825786,47.3108241,2196.634,1,5.87
15029,205386700,2021-03-16 09:02:48,3,11.3825781,47.3108224,2196.436,1,5.87
15030,205386800,2021-03-16 09:02:48,3,11.3825761,47.3108199,2196.277,1,5.87
15031,205386900,2021-03-16 09:02:48,3,11.3825755,47.3108193,2195.951,1,5.87
15032,205387000,2021-03-16 09:02:49,3,11.3825738,47.3108169,2195.779,1,5.87
15033,205387100,2021-03-16 09:02:49,3,11.3825732,47.3108155,2195.534,1,5.87
15034,205387200,2021-03-16 09:02:49,3,11.3825726,47.3108137,2195.255,1,5.87
15035,205387300,2021-03-16 09:02:49,3,11.3825718,47.3108117,2195.065,1,5.87
15036,205387400,2021-03-16 09:02:49,3,11.3825705,47.3108105,2194.773,1,5.87
15037,205387500,2021-03-16 09:02:49,3,11.3825699,47.310809,2194.604,0,5.87
15038,205387600,2021-03-16 09:02:49,3,11.3825686,47.3108069,2194.51,0,5.87
15039,205387700,2021-03-16 09:02:49,3,11.3825678,47.3108053,2194.361,0,5.87
15040,205387800,2021-03-16 09:02:49,3,11.3825668,47.3108038,2194.176,0,5.87
15041,205387900,2021-03-16 09:02:49,3,11.3825656,47.3108023,2193.928,0,5.87
15042,205388000,2021-03-16 09:02:50,3,11.3825655,47.3108014,2193.696,0,5.87
15043,205388100,2021-03-16 09:02:50,3,11.3825648,47.310799,2193.545,0,5.87
15044,205388200,2021-03-16 09:02:50,3,11.3825637,47.3107972,2193.34,0,5.87
15045,205388300,2021-03-16 09:02:50,3,11.3825629,47.3107965,2193.121,0,5.87
15046,205388400,2021-03-16 09:02:50,3,11.3825619,47.3107952,2192.907,0,5.87
15047,205388500,2021-03-16 09:02:50,3,11.3825609,47.3107933,2192.796,1,5.87
15048,205388600,2021-03-16 09:02:50,3,11.3825594,47.3107917,2192.697,1,5.87
15049,205388700,2021-03-16 09:02:50,3,11.3825588,47.3107903,2192.617,1,5.87
15050,205388800,2021-03-16 09:02:50,3,11.3825571,47.3107891,2192.443,1,5.87
15051,205388900,2021-03-16 09:02:50,3,11.3825557,47.3107877,2192.353,1,5.87
15052,205389000,2021-03-16 09:02:51,3,11.3825547,47.3107865,2192.236,1,5.87
15053,205389100,2021-03-16 09:02:51,3,11.3825537,47.3107855,2192.089,1,5.87
15054,205389200,2021-03-16 09:02:51,3,11.3825527,47.3107841,2191.955,1,5.87
15055,205389300,2021-03-16 09:02:51,3,11.3825517,47.3107832,2191.746,1,5.87
15056,205389400,2021-03-16 09:02:51,3,11.3825505,47.3107824,2191.604,1,5.87
15057,205389500,2021-03-16 09:02:51,3,11.3825504,47.3107814,2191.417,0,5.87
15058,205389600,2021-03-16 09:02:51,3,11.3825493,47.3107807,2191.262,0,5.87
15059,205389700,2021-03-16 09:02:51,3,11.3825475,47.3107792,2191.189,0,5.87
15060,205389800,2021-03-16 09:02:51,3,11.382547,47.3107781,2191.037,0,5.87
15061,205389900,2021-03-16 09:02:51,3,11.3825458,47.3107762,2190.974,0,5.87
15062,205390000,2021-03-16 09:02:52,3,11.3825449,47.3107751,2190.837,0,5.87
15063,205390100,2021-03-16 09:02:52,3,11.3825436,47.3107745,2190.671,0,5.87
15064,205390200,2021-03-16 09:02:52,3,11.3825429,47.3107736,2190.556,0,5.87
15065,205390300,2021-03-16 09:02:52,3,11.3825423,47.3107729,2190.525,0,5.87
15066,205390400,2021-03-16 09:02:52,3,11.3825414,47.3107724,2190.297,0,5.87
15067,205390500,2021-03-16 09:02:52,3,11.3825408,47.3107713,2190.25,1,5.87
15068,205390600,2021-03-16 09:02:52,3,11.3825399,47.3107704,2190.15,1,5.87
15069,205390700,2021-03-16 09:02:52,3,11.3825395,47.3107697,2190.061,1,5.87
15070,205390800,2021-03-16 09:02:52,3,11.3825392,47.3107681,2190.16,1,5.87
15071,205390900,2021-03-16 09:02:52,3,11.3825388,47.3107676,2189.988,1,5.87
15072,205391000,2021-03-16 09:02:53,3,11.3825378,47.310767,2189.841,1,5.87
15073,205391100,2021-03-16 09:02:53,3,11.3825371,47.3107656,2189.751,1,5.87
15074,205391200,2021-03-16 09:02:53,3,11.3825365,47.3107644,2189.65,1,5.87
15075,205391300,2021-03-16 09:02:53,3,11.3825361,47.3107646,2189.478,1,5.87
15076,205391400,2021-03-16 09:02:53,3,11.3825358,47.3107649,2189.303,1,5.87
15077,205391500,2021-03-16 09:02:53,3,11.3825352,47.3107651,2189.147,0,5.87
15078,205391600,2021-03-16 09:02:53,3,11.382535,47.3107646,2189.012,0,5.87
15079,205391700,2021-03-16 09:02:53,3,11.3825347,47.3107643,2188.905,0,5.87
15080,205391800,2021-03-16 09:02:53,3,11.3825341,47.3107649,2188.75,0,5.87
15081,205391900,2021-03-16 09:02:53,3,11.3825339,47.3107653,2188.586,0,5.87
15082,205392000,2021-03-16 09:02:54,3,11.3825336,47.3107654,2188.459,0,5.87
15083,205392100,2021-03-16 09:02:54,3,11.3825335,47.3107655,2188.326,0,5.87
15084,205392200,2021-03-16 09:02:54,3,11.3825334,47.3107657,2188.208,0,5.87
15085,205392300,2021-03-16 09:02:54,3,11.3825329,47.3107649,2188.231,0,5.87
15086,205392400,2021-03-16 09:02:54,3,11.3825325,47.3107656,2188.075,0,5.87
15087,205392500,2021-03-16 09:02:54,3,11.3825325,47.3107661,2187.935,1,5.87
15088,205392600,2021-03-16 09:02:54,3,11.3825324,47.3107669,2187.819,1,5.87
15089,205392700,2021-03-16 09:02:54,3,11.3825322,47.3107676,2187.7,1,5.87
15090,205392800,2021-03-16 09:02:54,3,11.3825323,47.3107681,2187.583,1,5.87
15091,205392900,2021-03-16 09:02:54,3,11.3825324,47.3107687,2187.466,1,5.87
15092,205393000,2021-03-16 09:02:55,3,11.3825322,47.3107687,2187.414,1,5.87
15093,205393100,2021-03-16 09:02:55,3,11.382532,47.310769,2187.346,1,5.87
15094,205393200,2021-03-16 09:02:55,3,11.3825319,47.3107694,2187.276,1,5.87
15095,205393300,2021-03-16 09:02:55,3,11.3825319,47.3107696,2187.218,1,5.87
15096,205393400,2021-03-16 09:02:55,3,11.3825315,47.3107695,2187.153,1,5.87
15097,205393500,2021-03-16 09:02:55,3,11.3825312,47.3107697,2187.133,0,5.87
15098,205393600,2021-03-16 09:02:55,3,11.3825312,47.3107701,2187.025,0,5.87
15099,205393700,2021-03-16 09:02:55,3,11.3825309,47.3107702,2187.012,0,5.87
15100,205393800,2021-03-16 09:02:55,3,11.3825307,47.3107703,2186.957,0,5.87
15101,205393900,2021-03-16 09:02:55,3,11.3825304,47.3107705,2186.889,0,5.87
15102,205394000,2021-03-16 09:02:56,3,11.3825303,47.3107706,2186.826,0,5.87
15103,205394100,2021-03-16 09:02:56,3,11.3825301,47.310771,2186.721,0,5.87
15104,205394200,2021-03-16 09:02:56,3,11.3825297,47.3107717,2186.614,0,5.87
15105,205394300,2021-03-16 09:02:56,3,11.3825295,47.3107722,2186.5,0,5.87
15106,205394400,2021-03-16 09:02:56,3,11.3825291,47.310772,2186.458,0,5.87
15107,205394500,2021-03-16 09:02:56,3,11.3825291,47.310772,2186.431,1,5.87
15108,205394600,2021-03-16 09:02:56,3,11.3825289,47.3107722,2186.335,1,5.87
15109,205394700,2021-03-16 09:02:56,3,11.3825285,47.3107721,2186.296,1,5.87
15110,205394800,2021-03-16 09:02:56,3,11.3825283,47.3107722,2186.231,1,5.87
15111,205394900,2021-03-16 09:02:56,3,11.3825281,47.3107719,2186.232,1,5.87
15112,205395000,2021-03-16 09:02:57,3,11.3825279,47.3107721,2186.152,1,5.87
15113,205395100,2021-03-16 09:02:57,3,11.3825275,47.3107725,2186.082,1,5.87
15114,205395200,2021-03-16 09:02:57,3,11.3825276,47.310773,2186.015,1,5.87
15115,205395300,2021-03-16 09:02:57,3,11.3825274,47.310773,2185.973,1,5.87
15116,205395400,2021-03-16 09:02:57,3,11.3825273,47.3107734,2185.924,1,5.87
15117,205395500,2021-03-16 09:02:57,3,11.3825273,47.3107735,2185.883,0,5.87
15118,205395600,2021-03-16 09:02:57,3,11.3825273,47.3107735,2185.834,0,5.87
15119,205395700,2021-03-16 09:02:57,3,11.382527,47.3107735,2185.789,0,5.87
15120,205395800,2021-03-16 09:02:57,3,11.3825269,47.3107734,2185.739,0,5.87
15121,205395900,2021-03-16 09:02:57,3,11.3825269,47.3107733,2185.747,0,5.87
15122,205396000,2021-03-16 09:02:58,3,11.3825268,47.3107732,2185.698,0,5.87
15123,205396100,2021-03-16 09:02:58,3,11.3825264,47.310773,2185.652,0,5.87
15124,205396200,2021-03-16 09:02:58,3,11.3825262,47.310773,2185.62,0,5.87
15125,205396300,2021-03-16 09:02:58,3,11.382526,47.3107729,2185.576,0,5.87
15126,205396400,2021-03-16 09:02:58,3,11.382526,47.3107731,2185.53,0,5.87
15127,205396500,2021-03-16 09:02:58,3,11.382526,47.3107731,2185.498,1,5.87
15128,205396600,2021-03-16 09:02:58,3,11.3825259,47.3107731,2185.45,1,5.87
15129,205396700,2021-03-16 09:02:58,3,11.382526,47.3107732,2185.407,1,5.87
15130,205396800,2021-03-16 09:02:58,3,11.3825256,47.3107733,2185.357,1,5.87
15131,205396900,2021-03-16 09:02:58,3,11.3825256,47.3107733,2185.292,1,5.87
15132,205397000,2021-03-16 09:02:59,3,11.3825255,47.3107733,2185.268,1,5.87
15133,205397100,2021-03-16 09:02:59,3,11.3825256,47.3107734,2185.225,1,5.87
15134,205397200,2021-03-16 09:02:59,3,11.3825254,47.3107736,2185.165,1,5.87
15135,205397300,2021-03-16 09:02:59,3,11.3825252,47.3107736,2185.106,1,5.87
15136,205397400,2021-03-16 09:02:59,3,11.3825253,47.3107738,2185.058,1,5.87
15137,205397500,2021-03-16 09:02:59,3,11.3825252,47.310774,2184.984,0,5.87
15138,205397600,2021-03-16 09:02:59,3,11.3825252,47.3107742,2184.94,0,5.87
15139,205397700,2021-03-16 09:02:59,3,11.3825251,47.3107741,2184.882,0,5.87
15140,205397800,2021-03-16 09:02:59,3,11.3825248,47.3107742,2184.87,0,5.81
15141,205397900,2021-03-16 09:02:59,3,11.3825249,47.3107744,2184.822,0,5.81
15142,205398000,2021-03-16 09:03:00,3,11.382525,47.3107746,2184.752,0,5.81
15143,205398100,2021-03-16 09:03:00,3,11.382525,47.3107748,2184.696,0,5.81
15144,205398200,2021-03-16 09:03:00,3,11.382525,47.3107751,2184.611,0,5.81
15145,205398300,2021-03-16 09:03:00,3,11.3825247,47.3107752,2184.582,0,5.81
15146,205398400,2021-03-16 09:03:00,3,11.3825247,47.3107754,2184.512,0,5.81
15147,205398500,2021-03-16 09:03:00,3,11.3825247,47.3107756,2184.477,1,5.87
15148,205398600,2021-03-16 09:03:00,3,11.3825247,47.3107758,2184.421,1,5.87
15149,205398700,2021-03-16 09:03:00,3,11.3825251,47.3107761,2184.358,1,5.87
15150,205398800,2021-03-16 09:03:00,3,11.3825251,47.3107765,2184.318,1,5.87
15151,205398900,2021-03-16 09:03:00,3,11.382525,47.3107765,2184.267,1,5.87
